Mole fraction of liquid	Heat per mole [J]	Temperature [K]	Apparent heat capacity per mole [J/K]	Latent heat per mole [J]
1.00000	1.14051E5	2779.28807	50.07906	-1.45519E-11
0.99998	1.14046E5	2779.19244	50.07906	-0.46287
0.99724	1.13910E5	2778.19244	135.94000	-82.63790
0.99450	1.13775E5	2777.19244	135.55449	-164.46135
0.99177	1.13640E5	2776.19244	135.17096	-245.93508
0.98905	1.13505E5	2775.19244	134.78940	-327.06093
0.98634	1.13370E5	2774.19244	134.40980	-407.84075
0.98364	1.13236E5	2773.19244	134.03213	-488.27636
0.98095	1.13103E5	2772.19244	133.65640	-568.36957
0.97827	1.12969E5	2771.19244	133.28259	-648.12220
0.97560	1.12837E5	2770.19244	132.91068	-727.53603
0.97294	1.12704E5	2769.19244	132.54068	-806.61285
0.97029	1.12572E5	2768.19244	132.17255	-885.35442
0.96765	1.12440E5	2767.19244	131.80630	-963.76251
0.96501	1.12309E5	2766.19244	131.44190	-1041.83886
0.96239	1.12177E5	2765.19244	131.07936	-1119.58521
0.95978	1.12047E5	2764.19244	130.71865	-1197.00329
0.95717	1.11916E5	2763.19244	130.35977	-1274.09482
0.95458	1.11786E5	2762.19244	130.00271	-1350.86149
0.95199	1.11657E5	2761.19244	129.64745	-1427.30501
0.94942	1.11527E5	2760.19244	129.29398	-1503.42705
0.94685	1.11399E5	2759.19244	128.94229	-1579.22930
0.94429	1.11270E5	2758.19244	128.59238	-1654.71342
0.94174	1.11142E5	2757.19244	128.24422	-1729.88106
0.93920	1.11014E5	2756.19244	127.89782	-1804.73386
0.93667	1.10886E5	2755.19244	127.55315	-1879.27346
0.93415	1.10759E5	2754.19244	127.21021	-1953.50148
0.93163	1.10632E5	2753.19244	126.86899	-2027.41953
0.92913	1.10506E5	2752.19244	126.52948	-2101.02923
0.92663	1.10379E5	2751.19244	126.19166	-2174.33215
0.92415	1.10254E5	2750.19244	125.85553	-2247.32989
0.92167	1.10128E5	2749.19244	125.52107	-2320.02402
0.91920	1.10003E5	2748.19244	125.18828	-2392.41611
0.91674	1.09878E5	2747.19244	124.85715	-2464.50770
0.91428	1.09753E5	2746.19244	124.52766	-2536.30036
0.91184	1.09629E5	2745.19244	124.19981	-2607.79560
0.90940	1.09505E5	2744.19244	123.87359	-2678.99496
0.90698	1.09382E5	2743.19244	123.54898	-2749.89996
0.90456	1.09259E5	2742.19244	123.22597	-2820.51211
0.90215	1.09136E5	2741.19244	122.90457	-2890.83290
0.89975	1.09013E5	2740.19244	122.58475	-2960.86383
0.89735	1.08891E5	2739.19244	122.26651	-3030.60638
0.89497	1.08769E5	2738.19244	121.94983	-3100.06202
0.89259	1.08647E5	2737.19244	121.63472	-3169.23221
0.89022	1.08526E5	2736.19244	121.32115	-3238.11841
0.88786	1.08405E5	2735.19244	121.00913	-3306.72206
0.88551	1.08284E5	2734.19244	120.69863	-3375.04461
0.88316	1.08164E5	2733.19244	120.38966	-3443.08747
0.88083	1.08044E5	2732.19244	120.08220	-3510.85208
0.87850	1.07924E5	2731.19244	119.77624	-3578.33984
0.87618	1.07805E5	2730.19244	119.47178	-3645.55216
0.87386	1.07685E5	2729.19244	119.16881	-3712.49043
0.87156	1.07567E5	2728.19244	118.86731	-3779.15604
0.86926	1.07448E5	2727.19244	118.56728	-3845.55037
0.86697	1.07330E5	2726.19244	118.26871	-3911.67478
0.86469	1.07212E5	2725.19244	117.97158	-3977.53064
0.86242	1.07094E5	2724.19244	117.67591	-4043.11930
0.86015	1.06977E5	2723.19244	117.38166	-4108.44211
0.85789	1.06860E5	2722.19244	117.08884	-4173.50041
0.85564	1.06743E5	2721.19244	116.79744	-4238.29553
0.85340	1.06626E5	2720.19244	116.50745	-4302.82878
0.85116	1.06510E5	2719.19244	116.21885	-4367.10149
0.84894	1.06394E5	2718.19244	115.93165	-4431.11495
0.84672	1.06278E5	2717.19244	115.64583	-4494.87048
0.84450	1.06163E5	2716.19244	115.36139	-4558.36935
0.84230	1.06048E5	2715.19244	115.07831	-4621.61286
0.84010	1.05933E5	2714.19244	114.79660	-4684.60228
0.83791	1.05819E5	2713.19244	114.51623	-4747.33887
0.83572	1.05704E5	2712.19244	114.23721	-4809.82391
0.83355	1.05590E5	2711.19244	113.95953	-4872.05863
0.83138	1.05477E5	2710.19244	113.68317	-4934.04430
0.82922	1.05363E5	2709.19244	113.40814	-4995.78214
0.82706	1.05250E5	2708.19244	113.13441	-5057.27340
0.82491	1.05137E5	2707.19244	112.86199	-5118.51929
0.82277	1.05025E5	2706.19244	112.59087	-5179.52103
0.82064	1.04912E5	2705.19244	112.32104	-5240.27983
0.81851	1.04800E5	2704.19244	112.05249	-5300.79690
0.81640	1.04689E5	2703.19244	111.78521	-5361.07344
0.81428	1.04577E5	2702.19244	111.51921	-5421.11062
0.81218	1.04466E5	2701.19244	111.25446	-5480.90964
0.81008	1.04355E5	2700.19244	110.99097	-5540.47167
0.80799	1.04244E5	2699.19244	110.72872	-5599.79788
0.80590	1.04134E5	2698.19244	110.46771	-5658.88943
0.80383	1.04023E5	2697.19244	110.20793	-5717.74747
0.80176	1.03914E5	2696.19244	109.94937	-5776.37317
0.79969	1.03804E5	2695.19244	109.69203	-5834.76764
0.79763	1.03694E5	2694.19244	109.43591	-5892.93205
0.79558	1.03585E5	2693.19244	109.18098	-5950.86750
0.79354	1.03476E5	2692.19244	108.92725	-6008.57513
0.79150	1.03368E5	2691.19244	108.67471	-6066.05605
0.78947	1.03259E5	2690.19244	108.42336	-6123.31137
0.78745	1.03151E5	2689.19244	108.17318	-6180.34220
0.78543	1.03043E5	2688.19244	107.92417	-6237.14962
0.78342	1.02935E5	2687.19244	107.67632	-6293.73474
0.78141	1.02828E5	2686.19244	107.42962	-6350.09863
0.77942	1.02721E5	2685.19244	107.18408	-6406.24238
0.77742	1.02614E5	2684.19244	106.93968	-6462.16705
0.77544	1.02507E5	2683.19244	106.69641	-6517.87372
0.77346	1.02401E5	2682.19244	106.45428	-6573.36343
0.77149	1.02295E5	2681.19244	106.21327	-6628.63726
0.76952	1.02189E5	2680.19244	105.97337	-6683.69624
0.76756	1.02083E5	2679.19244	105.73459	-6738.54141
0.76561	1.01977E5	2678.19244	105.49691	-6793.17382
0.76366	1.01872E5	2677.19244	105.26032	-6847.59449
0.76172	1.01767E5	2676.19244	105.02483	-6901.80445
0.75979	1.01662E5	2675.19244	104.79043	-6955.80472
0.75786	1.01558E5	2674.19244	104.55710	-7009.59630
0.75593	1.01453E5	2673.19244	104.32485	-7063.18021
0.75402	1.01349E5	2672.19244	104.09367	-7116.55745
0.75211	1.01245E5	2671.19244	103.86354	-7169.72901
0.75020	1.01142E5	2670.19244	103.63448	-7222.69589
0.74830	1.01038E5	2669.19244	103.40646	-7275.45906
0.74641	1.00935E5	2668.19244	103.17949	-7328.01951
0.74453	1.00832E5	2667.19244	102.95355	-7380.37822
0.74265	1.00729E5	2666.19244	102.72865	-7432.53614
0.74077	1.00627E5	2665.19244	102.50477	-7484.49425
0.73890	1.00525E5	2664.19244	102.28191	-7536.25350
0.73704	1.00423E5	2663.19244	102.06007	-7587.81483
0.73518	1.00321E5	2662.19244	101.83923	-7639.17921
0.73333	1.00219E5	2661.19244	101.61940	-7690.34757
0.73149	1.00118E5	2660.19244	101.40057	-7741.32085
0.72965	1.00017E5	2659.19244	101.18273	-7792.09997
0.72781	99915.64069	2658.19244	100.96588	-7842.68587
0.72599	99814.89068	2657.19244	100.75001	-7893.07947
0.72416	99714.35556	2656.19244	100.53511	-7943.28167
0.72235	99614.03437	2655.19244	100.32119	-7993.29340
0.72054	99513.92614	2654.19244	100.10823	-8043.11555
0.71873	99414.02991	2653.19244	99.89623	-8092.74904
0.71693	99314.34473	2652.19244	99.68519	-8142.19474
0.71514	99214.86964	2651.19244	99.47509	-8191.45356
0.71335	99115.60370	2650.19244	99.26594	-8240.52638
0.71157	99016.54598	2649.19244	99.05773	-8289.41408
0.70979	98917.69553	2648.19244	98.85045	-8338.11754
0.70802	98819.05143	2647.19244	98.64410	-8386.63762
0.70625	98720.61276	2646.19244	98.43867	-8434.97520
0.70449	98622.37860	2645.19244	98.23416	-8483.13114
0.70273	98524.34804	2644.19244	98.03056	-8531.10629
0.70098	98426.52016	2643.19244	97.82788	-8578.90151
0.69924	98328.89407	2642.19244	97.62609	-8626.51764
0.69750	98231.46886	2641.19244	97.42521	-8673.95552
0.69576	98134.24364	2640.19244	97.22522	-8721.21600
0.69403	98037.21753	2639.19244	97.02611	-8768.29992
0.69231	97940.38963	2638.19244	96.82790	-8815.20809
0.69059	97843.75908	2637.19244	96.63056	-8861.94134
0.68888	97747.32499	2636.19244	96.43409	-8908.50050
0.68717	97651.08649	2635.19244	96.23849	-8954.88637
0.68547	97555.04273	2634.19244	96.04376	-9001.09978
0.68377	97459.19284	2633.19244	95.84989	-9047.14153
0.68208	97363.53596	2632.19244	95.65687	-9093.01242
0.68039	97268.07125	2631.19244	95.46471	-9138.71325
0.67871	97172.79786	2630.19244	95.27339	-9184.24481
0.67703	97077.71495	2629.19244	95.08291	-9229.60789
0.67536	96982.82168	2628.19244	94.89327	-9274.80329
0.67369	96888.11721	2627.19244	94.70446	-9319.83178
0.67203	96793.60073	2626.19244	94.51648	-9364.69413
0.67037	96699.27140	2625.19244	94.32933	-9409.39113
0.66872	96605.12841	2624.19244	94.14299	-9453.92353
0.66707	96511.17094	2623.19244	93.95747	-9498.29211
0.66543	96417.39818	2622.19244	93.77276	-9542.49763
0.66379	96323.80933	2621.19244	93.58885	-9586.54084
0.66215	96230.40359	2620.19244	93.40575	-9630.42249
0.66053	96137.18015	2619.19244	93.22344	-9674.14333
0.65890	96044.13822	2618.19244	93.04193	-9717.70411
0.65729	95951.27702	2617.19244	92.86120	-9761.10558
0.65567	95858.59575	2616.19244	92.68126	-9804.34845
0.65406	95766.09365	2615.19244	92.50210	-9847.43348
0.65246	95673.76993	2614.19244	92.32372	-9890.36138
0.65086	95581.62382	2613.19244	92.14611	-9933.13288
0.64926	95489.65455	2612.19244	91.96927	-9975.74870
0.64767	95397.86137	2611.19244	91.79319	-10018.20957
0.64609	95306.24350	2610.19244	91.61787	-10060.51619
0.64451	95214.80019	2609.19244	91.44331	-10102.66927
0.64293	95123.53069	2608.19244	91.26950	-10144.66952
0.64136	95032.43426	2607.19244	91.09643	-10186.51764
0.63979	94941.51014	2606.19244	90.92411	-10228.21434
0.63823	94850.75761	2605.19244	90.75254	-10269.76029
0.63668	94760.17591	2604.19244	90.58169	-10311.15621
0.63512	94669.76433	2603.19244	90.41158	-10352.40277
0.63357	94579.52213	2602.19244	90.24220	-10393.50066
0.63203	94489.44858	2601.19244	90.07355	-10434.45056
0.63049	94399.54297	2600.19244	89.90561	-10475.25314
0.62895	94309.80459	2599.19244	89.73839	-10515.90909
0.62742	94220.23270	2598.19244	89.57188	-10556.41906
0.62590	94130.82662	2597.19244	89.40609	-10596.78373
0.62438	94041.58562	2596.19244	89.24100	-10637.00376
0.62286	93952.50901	2595.19244	89.07661	-10677.07980
0.62134	93863.59609	2594.19244	88.91292	-10717.01252
0.61984	93774.84617	2593.19244	88.74992	-10756.80257
0.61833	93686.25855	2592.19244	88.58762	-10796.45059
0.61683	93597.83255	2591.19244	88.42600	-10835.95724
0.61534	93509.56749	2590.19244	88.26507	-10875.32315
0.61384	93421.46267	2589.19244	88.10482	-10914.54897
0.61236	93333.51743	2588.19244	87.94524	-10953.63532
0.61087	93245.73109	2587.19244	87.78634	-10992.58285
0.60939	93158.10299	2586.19244	87.62811	-11031.39218
0.60792	93070.63245	2585.19244	87.47054	-11070.06394
0.60645	92983.31881	2584.19244	87.31364	-11108.59875
0.60498	92896.16142	2583.19244	87.15739	-11146.99723
0.60352	92809.15962	2582.19244	87.00181	-11185.26000
0.60206	92722.31275	2581.19244	86.84687	-11223.38767
0.60061	92635.62016	2580.19244	86.69258	-11261.38086
0.59916	92549.08122	2579.19244	86.53895	-11299.24016
0.59771	92462.69527	2578.19244	86.38595	-11336.96618
0.59627	92376.46168	2577.19244	86.23359	-11374.55953
0.59483	92290.37981	2576.19244	86.08187	-11412.02080
0.59340	92204.44903	2575.19244	85.93078	-11449.35059
0.59197	92118.66870	2574.19244	85.78032	-11486.54948
0.59054	92033.03822	2573.19244	85.63049	-11523.61807
0.58912	91947.55694	2572.19244	85.48128	-11560.55695
0.58771	91862.22425	2571.19244	85.33269	-11597.36669
0.58629	91777.03953	2570.19244	85.18472	-11634.04788
0.58488	91692.00217	2569.19244	85.03736	-11670.60110
0.58348	91607.11157	2568.19244	84.89061	-11707.02691
0.58207	91522.36710	2567.19244	84.74447	-11743.32588
0.58068	91437.76817	2566.19244	84.59893	-11779.49860
0.57928	91353.31418	2565.19244	84.45399	-11815.54562
0.57789	91269.00452	2564.19244	84.30965	-11851.46750
0.57650	91184.83861	2563.19244	84.16591	-11887.26481
0.57512	91100.81585	2562.19244	84.02276	-11922.93810
0.57374	91016.93565	2561.19244	83.88020	-11958.48793
0.57237	90933.19743	2560.19244	83.73822	-11993.91485
0.57100	90849.60059	2559.19244	83.59683	-12029.21940
0.56963	90766.14458	2558.19244	83.45602	-12064.40213
0.56827	90682.82879	2557.19244	83.31578	-12099.46359
0.56691	90599.65267	2556.19244	83.17612	-12134.40432
0.56555	90516.61563	2555.19244	83.03703	-12169.22485
0.56420	90433.71712	2554.19244	82.89851	-12203.92572
0.56285	90350.95656	2553.19244	82.76056	-12238.50747
0.56150	90268.33339	2552.19244	82.62317	-12272.97061
0.56016	90185.84706	2551.19244	82.48634	-12307.31568
0.55882	90103.49700	2550.19244	82.35006	-12341.54321
0.55749	90021.28266	2549.19244	82.21434	-12375.65371
0.55616	89939.20348	2548.19244	82.07917	-12409.64771
0.55483	89857.25893	2547.19244	81.94455	-12443.52572
0.55351	89775.44845	2546.19244	81.81048	-12477.28826
0.55219	89693.77150	2545.19244	81.67695	-12510.93584
0.55087	89612.22754	2544.19244	81.54396	-12544.46896
0.54956	89530.81603	2543.19244	81.41151	-12577.88814
0.54825	89449.53644	2542.19244	81.27959	-12611.19388
0.54694	89368.38823	2541.19244	81.14821	-12644.38668
0.54564	89287.37087	2540.19244	81.01736	-12677.46704
0.54434	89206.48384	2539.19244	80.88703	-12710.43546
0.54304	89125.72660	2538.19244	80.75723	-12743.29243
0.54175	89045.09865	2537.19244	80.62795	-12776.03844
0.54046	88964.59945	2536.19244	80.49920	-12808.67399
0.53918	88884.22850	2535.19244	80.37095	-12841.19956
0.53789	88803.98527	2534.19244	80.24323	-12873.61563
0.53662	88723.86926	2533.19244	80.11601	-12905.92270
0.53534	88643.87995	2532.19244	79.98931	-12938.12123
0.53407	88564.01684	2531.19244	79.86311	-12970.21171
0.53280	88484.27942	2530.19244	79.73742	-13002.19462
0.53154	88404.66720	2529.19244	79.61222	-13034.07042
0.53027	88325.17967	2528.19244	79.48753	-13065.83959
0.52902	88245.81633	2527.19244	79.36334	-13097.50260
0.52776	88166.57669	2526.19244	79.23964	-13129.05991
0.52651	88087.46027	2525.19244	79.11643	-13160.51199
0.52526	88008.46656	2524.19244	78.99371	-13191.85930
0.52401	87929.59508	2523.19244	78.87148	-13223.10230
0.52277	87850.84534	2522.19244	78.74973	-13254.24145
0.52153	87772.21687	2521.19244	78.62847	-13285.27720
0.52030	87693.70918	2520.19244	78.50769	-13316.21001
0.51907	87615.32179	2519.19244	78.38739	-13347.04032
0.51784	87537.05424	2518.19244	78.26756	-13377.76860
0.51661	87458.90603	2517.19244	78.14820	-13408.39528
0.51539	87380.87672	2516.19244	78.02932	-13438.92080
0.51417	87302.96581	2515.19244	77.91090	-13469.34562
0.51295	87225.17286	2514.19244	77.79295	-13499.67017
0.51174	87147.49739	2513.19244	77.67547	-13529.89490
0.51053	87069.93894	2512.19244	77.55845	-13560.02023
0.50932	86992.49705	2511.19244	77.44189	-13590.04660
0.50811	86915.17127	2510.19244	77.32578	-13619.97445
0.50691	86837.96113	2509.19244	77.21013	-13649.80420
0.50571	86760.86619	2508.19244	77.09494	-13679.53629
0.50452	86683.88600	2507.19244	76.98020	-13709.17114
0.50333	86607.02010	2506.19244	76.86590	-13738.70917
0.50214	86530.26805	2505.19244	76.75205	-13768.15081
0.50095	86453.62940	2504.19244	76.63865	-13797.49647
0.49977	86377.10371	2503.19244	76.52569	-13826.74659
0.49859	86300.69054	2502.19244	76.41317	-13855.90156
0.49741	86224.38946	2501.19244	76.30108	-13884.96181
0.49624	86148.20002	2500.19244	76.18944	-13913.92775
0.49507	86072.12179	2499.19244	76.07823	-13942.79979
0.49390	85996.15434	2498.19244	75.96745	-13971.57834
0.49273	85920.29724	2497.19244	75.85710	-14000.26381
0.49157	85844.55007	2496.19244	75.74718	-14028.85659
0.49041	85768.91238	2495.19244	75.63768	-14057.35710
0.48925	85693.38377	2494.19244	75.52861	-14085.76574
0.48810	85617.96381	2493.19244	75.41996	-14114.08291
0.48695	85542.65207	2492.19244	75.31173	-14142.30899
0.48580	85467.44815	2491.19244	75.20392	-14170.44440
0.48466	85392.35162	2490.19244	75.09653	-14198.48952
0.48351	85317.36207	2489.19244	74.98955	-14226.44474
0.48238	85242.47909	2488.19244	74.88298	-14254.31046
0.48124	85167.70227	2487.19244	74.77682	-14282.08707
0.48010	85093.03119	2486.19244	74.67107	-14309.77495
0.47897	85018.46546	2485.19244	74.56573	-14337.37448
0.47785	84944.00467	2484.19244	74.46079	-14364.88606
0.47672	84869.64841	2483.19244	74.35626	-14392.31005
0.47560	84795.39629	2482.19244	74.25212	-14419.64686
0.47448	84721.24790	2481.19244	74.14839	-14446.89684
0.47336	84647.20285	2480.19244	74.04505	-14474.06038
0.47224	84573.26075	2479.19244	73.94211	-14501.13785
0.47113	84499.42119	2478.19244	73.83956	-14528.12962
0.47002	84425.68380	2477.19244	73.73740	-14555.03608
0.46892	84352.04817	2476.19244	73.63563	-14581.85758
0.46781	84278.51392	2475.19244	73.53425	-14608.59449
0.46671	84205.08066	2474.19244	73.43326	-14635.24719
0.46561	84131.74802	2473.19244	73.33265	-14661.81604
0.46452	84058.51560	2472.19244	73.23242	-14688.30139
0.46342	83985.38303	2471.19244	73.13257	-14714.70362
0.46233	83912.34992	2470.19244	73.03311	-14741.02308
0.46124	83839.41590	2469.19244	72.93402	-14767.26014
0.46016	83766.58060	2468.19244	72.83530	-14793.41514
0.45908	83693.84363	2467.19244	72.73697	-14819.48844
0.45800	83621.20463	2466.19244	72.63900	-14845.48040
0.45692	83548.66323	2465.19244	72.54140	-14871.39137
0.45584	83476.21905	2464.19244	72.44418	-14897.22171
0.45477	83403.87174	2463.19244	72.34732	-14922.97175
0.45370	83331.62092	2462.19244	72.25082	-14948.64185
0.45263	83259.46623	2461.19244	72.15469	-14974.23235
0.45157	83187.40730	2460.19244	72.05892	-14999.74361
0.45050	83115.44379	2459.19244	71.96352	-15025.17595
0.44944	83043.57532	2458.19244	71.86847	-15050.52973
0.44839	82971.80154	2457.19244	71.77378	-15075.80528
0.44733	82900.12209	2456.19244	71.67944	-15101.00295
0.44628	82828.53663	2455.19244	71.58546	-15126.12307
0.44523	82757.04480	2454.19244	71.49184	-15151.16597
0.44418	82685.64624	2453.19244	71.39856	-15176.13199
0.44314	82614.34060	2452.19244	71.30563	-15201.02147
0.44209	82543.12755	2451.19244	71.21305	-15225.83473
0.44105	82472.00673	2450.19244	71.12082	-15250.57211
0.44001	82400.97779	2449.19244	71.02893	-15275.23393
0.43898	82330.04040	2448.19244	70.93739	-15299.82053
0.43794	82259.19421	2447.19244	70.84619	-15324.33222
0.43691	82188.43889	2446.19244	70.75533	-15348.76934
0.43588	82117.77408	2445.19244	70.66480	-15373.13220
0.43486	82047.19947	2444.19244	70.57462	-15397.42113
0.43383	81976.71470	2443.19244	70.48477	-15421.63645
0.43281	81906.31944	2442.19244	70.39525	-15445.77848
0.43179	81836.01337	2441.19244	70.30607	-15469.84753
0.43078	81765.79615	2440.19244	70.21722	-15493.84393
0.42976	81695.66745	2439.19244	70.12870	-15517.76798
0.42875	81625.62694	2438.19244	70.04051	-15541.62001
0.42774	81555.67430	2437.19244	69.95264	-15565.40032
0.42673	81485.80919	2436.19244	69.86511	-15589.10923
0.42573	81416.03130	2435.19244	69.77789	-15612.74704
0.42472	81346.34030	2434.19244	69.69100	-15636.31407
0.42372	81276.73587	2433.19244	69.60443	-15659.81062
0.42272	81207.21769	2432.19244	69.51818	-15683.23700
0.42173	81137.78544	2431.19244	69.43225	-15706.59351
0.42073	81068.43880	2430.19244	69.34664	-15729.88047
0.41974	80999.17747	2429.19244	69.26134	-15753.09816
0.41875	80930.00111	2428.19244	69.17636	-15776.24690
0.41776	80860.90942	2427.19244	69.09169	-15799.32697
0.41678	80791.90209	2426.19244	69.00733	-15822.33869
0.41579	80722.97881	2425.19244	68.92328	-15845.28235
0.41481	80654.13926	2424.19244	68.83955	-15868.15825
0.41383	80585.38315	2423.19244	68.75612	-15890.96667
0.41285	80516.71015	2422.19244	68.67300	-15913.70792
0.41188	80448.11997	2421.19244	68.59018	-15936.38229
0.41091	80379.61230	2420.19244	68.50767	-15958.99007
0.40994	80311.18685	2419.19244	68.42546	-15981.53155
0.40897	80242.84330	2418.19244	68.34355	-16004.00702
0.40800	80174.58135	2417.19244	68.26194	-16026.41678
0.40704	80106.40072	2416.19244	68.18064	-16048.76109
0.40607	80038.30109	2415.19244	68.09963	-16071.04026
0.40511	79970.28218	2414.19244	68.01891	-16093.25457
0.40416	79902.34369	2413.19244	67.93849	-16115.40430
0.40320	79834.48531	2412.19244	67.85837	-16137.48974
0.40224	79766.70677	2411.19244	67.77854	-16159.51116
0.40129	79699.00777	2410.19244	67.69900	-16181.46885
0.40034	79631.38802	2409.19244	67.61975	-16203.36309
0.39939	79563.84722	2408.19244	67.54080	-16225.19415
0.39845	79496.38510	2407.19244	67.46212	-16246.96232
0.39750	79429.00136	2406.19244	67.38374	-16268.66787
0.39656	79361.69571	2405.19244	67.30564	-16290.31107
0.39562	79294.46788	2404.19244	67.22783	-16311.89220
0.39468	79227.31758	2403.19244	67.15030	-16333.41154
0.39375	79160.24452	2402.19244	67.07306	-16354.86935
0.39281	79093.24843	2401.19244	66.99609	-16376.26591
0.39188	79026.32902	2400.19244	66.91941	-16397.60149
0.39095	78959.48602	2399.19244	66.84300	-16418.87635
0.39002	78892.71915	2398.19244	66.76687	-16440.09077
0.38910	78826.02812	2397.19244	66.69102	-16461.24501
0.38817	78759.41267	2396.19244	66.61545	-16482.33934
0.38725	78692.87253	2395.19244	66.54015	-16503.37402
0.38633	78626.40741	2394.19244	66.46512	-16524.34932
0.38541	78560.01704	2393.19244	66.39037	-16545.26551
0.38449	78493.70115	2392.19244	66.31588	-16566.12284
0.38358	78427.45948	2391.19244	66.24167	-16586.92158
0.38266	78361.29175	2390.19244	66.16773	-16607.66198
0.38175	78295.19770	2389.19244	66.09406	-16628.34431
0.38084	78229.17705	2388.19244	66.02065	-16648.96883
0.37994	78163.22954	2387.19244	65.94751	-16669.53579
0.37903	78097.35491	2386.19244	65.87463	-16690.04545
0.37813	78031.55289	2385.19244	65.80202	-16710.49807
0.37722	77965.82322	2384.19244	65.72967	-16730.89390
0.37632	77900.16563	2383.19244	65.65759	-16751.23319
0.37542	77834.57987	2382.19244	65.58576	-16771.51621
0.37453	77769.06568	2381.19244	65.51420	-16791.74320
0.37363	77703.62279	2380.19244	65.44289	-16811.91441
0.37274	77638.25094	2379.19244	65.37184	-16832.03010
0.37185	77572.94989	2378.19244	65.30105	-16852.09052
0.37096	77507.71937	2377.19244	65.23052	-16872.09590
0.37007	77442.55913	2376.19244	65.16024	-16892.04651
0.36918	77377.46891	2375.19244	65.09022	-16911.94260
0.36830	77312.44846	2374.19244	65.02045	-16931.78439
0.36742	77247.49753	2373.19244	64.95093	-16951.57216
0.36653	77182.61587	2372.19244	64.88166	-16971.30613
0.36566	77117.80322	2371.19244	64.81265	-16990.98655
0.36478	77053.05933	2370.19244	64.74388	-17010.61366
0.36390	76988.38396	2369.19244	64.67537	-17030.18772
0.36303	76923.77687	2368.19244	64.60710	-17049.70896
0.36215	76859.23779	2367.19244	64.53908	-17069.17762
0.36128	76794.76648	2366.19244	64.47130	-17088.59394
0.36041	76730.36271	2365.19244	64.40377	-17107.95816
0.35955	76666.02622	2364.19244	64.33649	-17127.27052
0.35868	76601.75677	2363.19244	64.26945	-17146.53126
0.35782	76537.55412	2362.19244	64.20265	-17165.74062
0.35695	76473.41803	2361.19244	64.13609	-17184.89883
0.35609	76409.34825	2360.19244	64.06978	-17204.00613
0.35523	76345.34454	2359.19244	64.00370	-17223.06275
0.35437	76281.40668	2358.19244	63.93787	-17242.06893
0.35352	76217.53440	2357.19244	63.87227	-17261.02490
0.35266	76153.72749	2356.19244	63.80691	-17279.93090
0.35181	76089.98570	2355.19244	63.74179	-17298.78716
0.35096	76026.30880	2354.19244	63.67691	-17317.59391
0.35011	75962.69654	2353.19244	63.61226	-17336.35137
0.34926	75899.14870	2352.19244	63.54784	-17355.05979
0.34841	75835.66504	2351.19244	63.48366	-17373.71939
0.34757	75772.24533	2350.19244	63.41971	-17392.33040
0.34672	75708.88933	2349.19244	63.35600	-17410.89305
0.34588	75645.59682	2348.19244	63.29251	-17429.40757
0.34504	75582.36756	2347.19244	63.22926	-17447.87417
0.34420	75519.20133	2346.19244	63.16624	-17466.29310
0.34336	75456.09789	2345.19244	63.10344	-17484.66458
0.34252	75393.05701	2344.19244	63.04088	-17502.98882
0.34169	75330.07847	2343.19244	62.97854	-17521.26606
0.34086	75267.16204	2342.19244	62.91643	-17539.49653
0.34002	75204.30749	2341.19244	62.85455	-17557.68043
0.33919	75141.51460	2340.19244	62.79289	-17575.81801
0.33836	75078.78314	2339.19244	62.73146	-17593.90947
0.33754	75016.11289	2338.19244	62.67025	-17611.95504
0.33671	74953.50362	2337.19244	62.60927	-17629.95495
0.33589	74890.95511	2336.19244	62.54851	-17647.90941
0.33506	74828.46714	2335.19244	62.48797	-17665.81864
0.33424	74766.03949	2334.19244	62.42765	-17683.68287
0.33342	74703.67193	2333.19244	62.36756	-17701.50231
0.33260	74641.36424	2332.19244	62.30769	-17719.27717
0.33178	74579.11621	2331.19244	62.24803	-17737.00769
0.33097	74516.92761	2330.19244	62.18860	-17754.69407
0.33015	74454.79823	2329.19244	62.12938	-17772.33654
0.32934	74392.72785	2328.19244	62.07038	-17789.93531
0.32852	74330.71624	2327.19244	62.01160	-17807.49059
0.32771	74268.76320	2326.19244	61.95304	-17825.00261
0.32690	74206.86851	2325.19244	61.89469	-17842.47157
0.32610	74145.03195	2324.19244	61.83656	-17859.89769
0.32529	74083.25330	2323.19244	61.77865	-17877.28119
0.32448	74021.53236	2322.19244	61.72094	-17894.62228
0.32368	73959.86890	2321.19244	61.66346	-17911.92117
0.32288	73898.26271	2320.19244	61.60618	-17929.17807
0.32207	73836.71359	2319.19244	61.54912	-17946.39321
0.32127	73775.22132	2318.19244	61.49227	-17963.56678
0.32047	73713.78568	2317.19244	61.43564	-17980.69901
0.31968	73652.40647	2316.19244	61.37921	-17997.79010
0.31888	73591.08347	2315.19244	61.32300	-18014.84026
0.31808	73529.81647	2314.19244	61.26699	-18031.84971
0.31729	73468.60527	2313.19244	61.21120	-18048.81865
0.31650	73407.44966	2312.19244	61.15562	-18065.74730
0.31571	73346.34941	2311.19244	61.10024	-18082.63585
0.31492	73285.30434	2310.19244	61.04507	-18099.48454
0.31413	73224.31422	2309.19244	60.99012	-18116.29355
0.31334	73163.37886	2308.19244	60.93536	-18133.06310
0.31255	73102.49804	2307.19244	60.88082	-18149.79340
0.31177	73041.67156	2306.19244	60.82648	-18166.48466
0.31098	72980.89921	2305.19244	60.77235	-18183.13708
0.31020	72920.18078	2304.19244	60.71843	-18199.75087
0.30942	72859.51608	2303.19244	60.66471	-18216.32623
0.30864	72798.90489	2302.19244	60.61119	-18232.86338
0.30786	72738.34701	2301.19244	60.55788	-18249.36251
0.30708	72677.84223	2300.19244	60.50477	-18265.82385
0.30630	72617.39036	2299.19244	60.45187	-18282.24758
0.30552	72556.99119	2298.19244	60.39917	-18298.63392
0.30475	72496.64451	2297.19244	60.34668	-18314.98307
0.30398	72436.35013	2296.19244	60.29438	-18331.29523
0.30320	72376.10783	2295.19244	60.24229	-18347.57062
0.30243	72315.91743	2294.19244	60.19041	-18363.80943
0.30166	72255.77871	2293.19244	60.13872	-18380.01188
0.30089	72195.69148	2292.19244	60.08723	-18396.17815
0.30012	72135.65553	2291.19244	60.03595	-18412.30847
0.29935	72075.67066	2290.19244	59.98487	-18428.40302
0.29859	72015.73668	2289.19244	59.93398	-18444.46203
0.29782	71955.85337	2288.19244	59.88330	-18460.48568
0.29706	71896.02055	2287.19244	59.83282	-18476.47418
0.29630	71836.23802	2286.19244	59.78254	-18492.42774
0.29553	71776.50556	2285.19244	59.73245	-18508.34655
0.29477	71716.82299	2284.19244	59.68257	-18524.23083
0.29401	71657.19011	2283.19244	59.63289	-18540.08077
0.29325	71597.60670	2282.19244	59.58340	-18555.89658
0.29249	71538.07259	2281.19244	59.53411	-18571.67846
0.29174	71478.58757	2280.19244	59.48502	-18587.42661
0.29098	71419.15143	2279.19244	59.43613	-18603.14123
0.29023	71359.76399	2278.19244	59.38744	-18618.82253
0.28947	71300.42504	2277.19244	59.33895	-18634.47071
0.28872	71241.13439	2276.19244	59.29065	-18650.08597
0.28797	71181.89184	2275.19244	59.24255	-18665.66852
0.28722	71122.69719	2274.19244	59.19465	-18681.21855
0.28646	71063.55024	2273.19244	59.14695	-18696.73627
0.28572	71004.45080	2272.19244	59.09944	-18712.22189
0.28497	70945.39867	2271.19244	59.05213	-18727.67559
0.28422	70886.39366	2270.19244	59.00502	-18743.09759
0.28347	70827.43556	2269.19244	58.95810	-18758.48810
0.28273	70768.52418	2268.19244	58.91138	-18773.84730
0.28198	70709.65932	2267.19244	58.86486	-18789.17540
0.28124	70650.84078	2266.19244	58.81853	-18804.47261
0.28049	70592.06838	2265.19244	58.77240	-18819.73913
0.27975	70533.34191	2264.19244	58.72647	-18834.97517
0.27901	70474.66117	2263.19244	58.68074	-18850.18091
0.27827	70416.02597	2262.19244	58.63520	-18865.35658
0.27753	70357.43611	2261.19244	58.58986	-18880.50237
0.27679	70298.89140	2260.19244	58.54471	-18895.61848
0.27605	70240.39163	2259.19244	58.49977	-18910.70513
0.27532	70181.93662	2258.19244	58.45501	-18925.76250
0.27458	70123.52616	2257.19244	58.41046	-18940.79081
0.27384	70065.16005	2256.19244	58.36610	-18955.79027
0.27311	70006.83811	2255.19244	58.32194	-18970.76107
0.27238	69948.56013	2254.19244	58.27798	-18985.70342
0.27164	69890.32591	2253.19244	58.23422	-19000.61752
0.27091	69832.13527	2252.19244	58.19065	-19015.50359
0.27018	69773.98799	2251.19244	58.14728	-19030.36182
0.26945	69715.88388	2250.19244	58.10411	-19045.19243
0.26872	69657.82275	2249.19244	58.06113	-19059.99562
0.26799	69599.80439	2248.19244	58.01836	-19074.77159
0.26726	69541.82861	2247.19244	57.97578	-19089.52055
0.26653	69483.89520	2246.19244	57.93340	-19104.24272
0.26580	69426.00398	2245.19244	57.89122	-19118.93829
0.26508	69368.15473	2244.19244	57.84924	-19133.60748
0.26435	69310.34727	2243.19244	57.80746	-19148.25050
0.26362	69252.58138	2242.19244	57.76588	-19162.86755
0.26290	69194.85688	2241.19244	57.72450	-19177.45884
0.26217	69137.17356	2240.19244	57.68332	-19192.02459
0.26145	69079.53121	2239.19244	57.64235	-19206.56500
0.26073	69021.92964	2238.19244	57.60157	-19221.08029
0.26001	68964.36865	2237.19244	57.56099	-19235.57066
0.25928	68906.84803	2236.19244	57.52062	-19250.03634
0.25856	68849.36758	2235.19244	57.48045	-19264.47752
0.25784	68791.92709	2234.19244	57.44048	-19278.89444
0.25712	68734.52638	2233.19244	57.40072	-19293.28729
0.25640	68677.16522	2232.19244	57.36116	-19307.65629
0.25569	68619.84342	2231.19244	57.32180	-19322.00167
0.25497	68562.56077	2230.19244	57.28265	-19336.32363
0.25425	68505.31706	2229.19244	57.24370	-19350.62240
0.25353	68448.11210	2228.19244	57.20497	-19364.89818
0.25282	68390.94567	2227.19244	57.16643	-19379.15120
0.25210	68333.81756	2226.19244	57.12811	-19393.38169
0.25139	68276.72757	2225.19244	57.08999	-19407.58984
0.25067	68219.67548	2224.19244	57.05208	-19421.77590
0.24996	68162.66110	2223.19244	57.01438	-19435.94008
0.24924	68105.68420	2222.19244	56.97690	-19450.08260
0.24853	68048.74458	2221.19244	56.93962	-19464.20368
0.24782	67991.84203	2220.19244	56.90255	-19478.30355
0.24710	67934.97633	2219.19244	56.86570	-19492.38244
0.24639	67878.14727	2218.19244	56.82906	-19506.44057
0.24568	67821.35464	2217.19244	56.79263	-19520.47817
0.24497	67764.59822	2216.19244	56.75642	-19534.49547
0.24426	67707.87779	2215.19244	56.72043	-19548.49269
0.24355	67651.19314	2214.19244	56.68465	-19562.47007
0.24284	67594.54406	2213.19244	56.64909	-19576.42784
0.24213	67537.93031	2212.19244	56.61375	-19590.36623
0.24142	67481.35168	2211.19244	56.57863	-19604.28547
0.24071	67424.80796	2210.19244	56.54372	-19618.18581
0.24000	67368.29891	2209.19244	56.50905	-19632.06748
0.23929	67311.82432	2208.19244	56.47459	-19645.93071
0.23858	67255.38396	2207.19244	56.44036	-19659.77574
0.23788	67198.97761	2206.19244	56.40635	-19673.60282
0.23717	67142.60503	2205.19244	56.37258	-19687.41219
0.23646	67086.26601	2204.19244	56.33902	-19701.20409
0.23575	67029.96031	2203.19244	56.30570	-19714.97876
0.23505	66973.68769	2202.19244	56.27261	-19728.73646
0.23434	66917.44794	2201.19244	56.23975	-19742.47743
0.23363	66861.24081	2200.19244	56.20713	-19756.20192
0.23293	66805.06607	2199.19244	56.17474	-19769.91018
0.23222	66748.92348	2198.19244	56.14259	-19783.60247
0.23152	66692.81281	2197.19244	56.11067	-19797.27903
0.23081	66636.73382	2196.19244	56.07900	-19810.94013
0.23011	66580.68625	2195.19244	56.04756	-19824.58603
0.22940	66524.66989	2194.19244	56.01637	-19838.21698
0.22870	66468.68446	2193.19244	55.98542	-19851.83326
0.22799	66412.72974	2192.19244	55.95472	-19865.43511
0.22729	66356.80547	2191.19244	55.92427	-19879.02281
0.22658	66300.91140	2190.19244	55.89407	-19892.59663
0.22588	66245.04728	2189.19244	55.86412	-19906.15683
0.22517	66189.21286	2188.19244	55.83442	-19919.70370
0.22447	66133.40788	2187.19244	55.80498	-19933.23750
0.22376	66077.63208	2186.19244	55.77580	-19946.75851
0.22306	66021.88520	2185.19244	55.74688	-19960.26701
0.22236	65966.16697	2184.19244	55.71822	-19973.76329
0.22165	65910.47715	2183.19244	55.68983	-19987.24763
0.22095	65854.81633	2182.19244	55.66082	-20000.72020
0.22024	65799.18547	2181.19244	55.63086	-20014.18152
0.21954	65743.58446	2180.19244	55.60101	-20027.63179
0.21883	65688.01300	2179.19244	55.57146	-20041.07130
0.21813	65632.47079	2178.19244	55.54221	-20054.50035
0.21742	65576.95752	2177.19244	55.51327	-20067.91926
0.21672	65521.47290	2176.19244	55.48463	-20081.32833
0.21601	65466.01660	2175.19244	55.45629	-20094.72787
0.21531	65410.58833	2174.19244	55.42827	-20108.11820
0.21460	65355.18777	2173.19244	55.40056	-20121.49964
0.21390	65299.81460	2172.19244	55.37317	-20134.87252
0.21319	65244.46849	2171.19244	55.34610	-20148.23715
0.21249	65189.14913	2170.19244	55.31936	-20161.59388
0.21178	65133.85619	2169.19244	55.29294	-20174.94302
0.21108	65078.58934	2168.19244	55.26686	-20188.28493
0.21037	65023.34823	2167.19244	55.24110	-20201.61993
0.20966	64968.13254	2166.19244	55.21569	-20214.94838
0.20896	64912.94192	2165.19244	55.19062	-20228.27062
0.20825	64857.77603	2164.19244	55.16590	-20241.58701
0.20754	64802.63450	2163.19244	55.14152	-20254.89790
0.20683	64747.51700	2162.19244	55.11750	-20268.20366
0.20612	64692.42316	2161.19244	55.09384	-20281.50464
0.20541	64637.35262	2160.19244	55.07054	-20294.80123
0.20471	64582.30501	2159.19244	55.04761	-20308.09379
0.20400	64527.27996	2158.19244	55.02505	-20321.38271
0.20329	64472.27709	2157.19244	55.00287	-20334.66837
0.20257	64417.29601	2156.19244	54.98107	-20347.95116
0.20186	64362.33635	2155.19244	54.95966	-20361.23148
0.20115	64307.39772	2154.19244	54.93864	-20374.50973
0.20044	64252.47970	2153.19244	54.91802	-20387.78631
0.19973	64197.58191	2152.19244	54.89780	-20401.06164
0.19901	64142.70392	2151.19244	54.87798	-20414.33613
0.19830	64087.84534	2150.19244	54.85859	-20427.61021
0.19758	64033.00573	2149.19244	54.83961	-20440.88431
0.19687	63978.18467	2148.19244	54.82106	-20454.15886
0.19615	63923.38173	2147.19244	54.80294	-20467.43431
0.19544	63868.59647	2146.19244	54.78526	-20480.71111
0.19472	63813.82843	2145.19244	54.76803	-20493.98971
0.19400	63759.07718	2144.19244	54.75125	-20507.27058
0.19328	63704.34225	2143.19244	54.73493	-20520.55420
0.19256	63649.62317	2142.19244	54.71908	-20533.84103
0.19184	63594.91947	2141.19244	54.70370	-20547.13156
0.19112	63540.23066	2140.19244	54.68881	-20560.42630
0.19040	63485.55626	2139.19244	54.67440	-20573.72574
0.18967	63430.89576	2138.19244	54.66050	-20587.03040
0.18895	63376.24866	2137.19244	54.64710	-20600.34079
0.18822	63321.61444	2136.19244	54.63422	-20613.65745
0.18749	63266.99258	2135.19244	54.62186	-20626.98091
0.18677	63212.38254	2134.19244	54.61004	-20640.31172
0.18604	63157.78377	2133.19244	54.59876	-20653.65045
0.18531	63103.19573	2132.19244	54.58804	-20666.99765
0.18458	63048.61785	2131.19244	54.57788	-20680.35391
0.18384	62994.04956	2130.19244	54.56830	-20693.71982
0.18311	62939.49026	2129.19244	54.55930	-20707.09598
0.18238	62884.93937	2128.19244	54.55090	-20720.48300
0.18164	62830.39626	2127.19244	54.54310	-20733.88151
0.18090	62775.86033	2126.19244	54.53593	-20747.29214
0.18016	62721.33094	2125.19244	54.52939	-20760.71554
0.17942	62666.80745	2124.19244	54.52350	-20774.15238
0.17868	62612.28919	2123.19244	54.51826	-20787.60334
0.17794	62557.77549	2122.19244	54.51370	-20801.06910
0.17719	62503.26567	2121.19244	54.50982	-20814.55036
0.17645	62448.75901	2120.19244	54.50665	-20828.04786
0.17570	62394.25482	2119.19244	54.50419	-20841.56233
0.17495	62339.75235	2118.19244	54.50247	-20855.09451
0.17420	62285.25086	2117.19244	54.50149	-20868.64517
0.17345	62230.74958	2116.19244	54.50128	-20882.21511
0.17269	62176.24772	2115.19244	54.50186	-20895.80513
0.17193	62121.74449	2114.19244	54.50323	-20909.41604
0.17118	62067.23907	2113.19244	54.50542	-20923.04869
0.17041	62012.73061	2112.19244	54.50845	-20936.70394
0.16965	61958.21827	2111.19244	54.51235	-20950.38267
0.16889	61903.70115	2110.19244	54.51712	-20964.08579
0.16812	61849.17836	2109.19244	54.52279	-20977.81421
0.16735	61794.64898	2108.19244	54.52938	-20991.56890
0.16658	61740.11205	2107.19244	54.53693	-21005.35081
0.16581	61685.56661	2106.19244	54.54544	-21019.16095
0.16503	61631.01166	2105.19244	54.55495	-21033.00034
0.16425	61576.44617	2104.19244	54.56549	-21046.87003
0.16347	61521.86909	2103.19244	54.57707	-21060.77109
0.16269	61467.27936	2102.19244	54.58973	-21074.70463
0.16190	61412.67586	2101.19244	54.60350	-21088.67179
0.16111	61358.05745	2100.19244	54.61841	-21102.67373
0.16032	61303.42296	2099.19244	54.63449	-21116.71165
0.15953	61248.77119	2098.19244	54.65177	-21130.78678
0.15873	61194.10091	2097.19244	54.67028	-21144.90040
0.15793	61139.41083	2096.19244	54.69008	-21159.05380
0.15713	61084.69965	2095.19244	54.71118	-21173.24834
0.15632	61029.96602	2094.19244	54.73363	-21187.48538
0.15551	60975.20855	2093.19244	54.75747	-21201.76637
0.15470	60920.42580	2092.19244	54.78275	-21216.09276
0.15388	60865.61629	2091.19244	54.80951	-21230.46607
0.15306	60810.77851	2090.19244	54.83779	-21244.88786
0.15224	60755.91087	2089.19244	54.86764	-21259.35974
0.15141	60701.01175	2088.19244	54.89912	-21273.88338
0.15058	60646.07947	2087.19244	54.93228	-21288.46048
0.14974	60591.11231	2086.19244	54.96717	-21303.09283
0.14890	60536.10846	2085.19244	55.00385	-21317.78226
0.14806	60481.06607	2084.19244	55.04239	-21332.53065
0.14721	60425.98323	2083.19244	55.08284	-21347.33999
0.14636	60370.85794	2082.19244	55.12529	-21362.21228
0.14550	60315.68816	2081.19244	55.16979	-21377.14964
0.14464	60260.47174	2080.19244	55.21642	-21392.15423
0.14377	60205.20648	2079.19244	55.26526	-21407.22833
0.14290	60149.89009	2078.19244	55.31639	-21422.37427
0.14203	60094.52019	2077.19244	55.36990	-21437.59447
0.14114	60039.09430	2076.19244	55.42589	-21452.89146
0.14026	59983.60986	2075.19244	55.48444	-21468.26786
0.13936	59928.06420	2074.19244	55.54566	-21483.72639
0.13847	59872.45454	2073.19244	55.60966	-21499.26989
0.13756	59816.77799	2072.19244	55.67655	-21514.90130
0.13665	59761.03155	2071.19244	55.74645	-21530.62368
0.13573	59705.21206	2070.19244	55.81948	-21546.44024
0.13481	59649.31627	2069.19244	55.89579	-21562.35430
0.13388	59593.34075	2068.19244	55.97552	-21578.36935
0.13294	59537.28194	2067.19244	56.05881	-21594.48902
0.13200	59481.13612	2066.19244	56.14582	-21610.71709
0.13105	59424.89938	2065.19244	56.23674	-21627.05754
0.13009	59368.56765	2064.19244	56.33173	-21643.51451
0.12912	59312.13665	2063.19244	56.43100	-21660.09235
0.12814	59255.60191	2062.19244	56.53474	-21676.79561
0.12716	59198.95873	2061.19244	56.64318	-21693.62906
0.12617	59142.20218	2060.19244	56.75655	-21710.59771
0.12516	59085.32707	2059.19244	56.87511	-21727.70683
0.12415	59028.32796	2058.19244	56.99911	-21744.96196
0.12313	58971.19910	2057.19244	57.12886	-21762.36892
0.12210	58913.93444	2056.19244	57.26465	-21779.93384
0.12105	58856.52762	2055.19244	57.40682	-21797.66321
0.12000	58798.97189	2054.19244	57.55573	-21815.56384
0.11893	58741.26014	2053.19244	57.71175	-21833.64295
0.11786	58683.38483	2052.19244	57.87531	-21851.90819
0.11677	58625.33799	2051.19244	58.04684	-21870.36763
0.11566	58567.11116	2050.19244	58.22683	-21889.02984
0.11455	58508.69535	2049.19244	58.41581	-21907.90393
0.11341	58450.08101	2048.19244	58.61434	-21926.99956
0.11227	58391.25797	2047.19244	58.82303	-21946.32701
0.11111	58332.21541	2046.19244	59.04256	-21965.89726
0.10993	58272.94175	2045.19244	59.27366	-21985.72201
0.10873	58213.42463	2044.19244	59.51712	-22005.81374
0.10752	58153.65082	2043.19244	59.77381	-22026.18585
0.10629	58093.60612	2042.19244	60.04470	-22046.85267
0.10504	58033.27529	2041.19244	60.33083	-22067.82959
0.10376	57972.64194	2040.19244	60.63335	-22089.13318
0.10247	57911.68841	2039.19244	60.95353	-22110.78128
0.10115	57850.39561	2038.19244	61.29279	-22132.79312
0.09981	57788.74294	2037.19244	61.65268	-22155.18952
0.09844	57726.70802	2036.19244	62.03492	-22177.99303
0.09705	57664.26658	2035.19244	62.44143	-22201.22813
0.09562	57601.39222	2034.19244	62.87436	-22224.92144
0.09417	57538.05613	2033.19244	63.33610	-22249.10200
0.09268	57474.22681	2032.19244	63.82931	-22273.80152
0.09116	57409.86980	2031.19244	64.35702	-22299.05473
0.08960	57344.94721	2030.19244	64.92259	-22324.89978
0.08800	57279.41736	2029.19244	65.52984	-22351.37861
0.08636	57213.23428	2028.19244	66.18308	-22378.53749
0.08467	57146.34712	2027.19244	66.88717	-22406.42759
0.08293	57078.69950	2026.19244	67.64762	-22435.10560
0.08114	57010.22881	2025.19244	68.47069	-22464.63448
0.07929	56940.86536	2024.19244	69.36345	-22495.08429
0.07738	56870.53144	2023.19244	70.33392	-22526.53315
0.07540	56799.14033	2022.19244	71.39111	-22559.06818
0.07334	56726.59521	2021.19244	72.54512	-22592.78666
0.07121	56652.78808	2020.19244	73.80713	-22627.79709
0.06898	56577.59881	2019.19244	75.18927	-22664.22010
0.06666	56500.89451	2018.19244	76.70430	-22702.18919
0.06423	56422.52959	2017.19244	78.36492	-22741.85055
0.06168	56342.34723	2016.19244	80.18235	-22783.36172
0.05901	56260.18323	2015.19244	82.16400	-22826.88769
0.05620	56175.87398	2014.19244	84.30925	-22872.59299
0.05325	56089.27122	2013.19244	86.60276	-22920.62693
0.05014	56000.26704	2012.19244	89.00418	-22971.09871
0.04687	55908.83339	2011.19244	91.43365	-23024.03796
0.04346	55815.07896	2010.19244	93.75443	-23079.33796
0.03991	55719.32080	2009.19244	95.75816	-23136.68413
0.03626	55622.15560	2008.19244	97.16520	-23195.48277
0.03258	55524.49786	2007.19244	97.65774	-23254.82281
0.02893	55427.54218	2006.19244	96.95567	-23313.51320
0.02540	55332.62582	2005.19244	94.91637	-23370.21983
0.02207	55241.01990	2004.19244	91.60592	-23423.67361
0.01899	55153.72796	2003.19244	87.29194	-23472.87154
0.01622	55071.36881	2002.19244	82.35915	-23517.19367
0.01376	54994.16868	2001.19244	77.20013	-23556.41125
0.01161	54922.03310	2000.19244	72.13558	-23590.61523
0.00975	54854.64966	1999.19244	67.38343	-23620.11402
