Mole fraction of liquid	Heat per mole [J]	Temperature [K]
1.00000	1.34958E5	3169.62595
0.99997	1.34953E5	3169.53032
0.99538	1.34721E5	3168.53032
0.99082	1.34491E5	3167.53032
0.98629	1.34261E5	3166.53032
0.98179	1.34034E5	3165.53032
0.97732	1.33807E5	3164.53032
0.97288	1.33582E5	3163.53032
0.96846	1.33358E5	3162.53032
0.96408	1.33135E5	3161.53032
0.95972	1.32913E5	3160.53032
0.95539	1.32693E5	3159.53032
0.95109	1.32474E5	3158.53032
0.94681	1.32256E5	3157.53032
0.94257	1.32039E5	3156.53032
0.93835	1.31824E5	3155.53032
0.93415	1.31609E5	3154.53032
0.92999	1.31396E5	3153.53032
0.92585	1.31184E5	3152.53032
0.92173	1.30973E5	3151.53032
0.91765	1.30763E5	3150.53032
0.91358	1.30555E5	3149.53032
0.90955	1.30347E5	3148.53032
0.90554	1.30141E5	3147.53032
0.90155	1.29936E5	3146.53032
0.89759	1.29731E5	3145.53032
0.89365	1.29528E5	3144.53032
0.88974	1.29326E5	3143.53032
0.88585	1.29125E5	3142.53032
0.88199	1.28925E5	3141.53032
0.87815	1.28726E5	3140.53032
0.87433	1.28528E5	3139.53032
0.87054	1.28332E5	3138.53032
0.86677	1.28136E5	3137.53032
0.86302	1.27941E5	3136.53032
0.85930	1.27747E5	3135.53032
0.85560	1.27554E5	3134.53032
0.85192	1.27363E5	3133.53032
0.84827	1.27172E5	3132.53032
0.84463	1.26982E5	3131.53032
0.84102	1.26793E5	3130.53032
0.83743	1.26605E5	3129.53032
0.83387	1.26418E5	3128.53032
0.83032	1.26232E5	3127.53032
0.82680	1.26047E5	3126.53032
0.82329	1.25862E5	3125.53032
0.81981	1.25679E5	3124.53032
0.81635	1.25497E5	3123.53032
0.81291	1.25315E5	3122.53032
0.80949	1.25135E5	3121.53032
0.80609	1.24955E5	3120.53032
0.80271	1.24776E5	3119.53032
0.79935	1.24598E5	3118.53032
0.79601	1.24421E5	3117.53032
0.79270	1.24245E5	3116.53032
0.78940	1.24069E5	3115.53032
0.78612	1.23895E5	3114.53032
0.78285	1.23721E5	3113.53032
0.77961	1.23548E5	3112.53032
0.77639	1.23376E5	3111.53032
0.77319	1.23205E5	3110.53032
0.77000	1.23034E5	3109.53032
0.76683	1.22865E5	3108.53032
0.76369	1.22696E5	3107.53032
0.76056	1.22528E5	3106.53032
0.75745	1.22361E5	3105.53032
0.75435	1.22194E5	3104.53032
0.75128	1.22028E5	3103.53032
0.74822	1.21863E5	3102.53032
0.74518	1.21699E5	3101.53032
0.74216	1.21536E5	3100.53032
0.73915	1.21373E5	3099.53032
0.73616	1.21211E5	3098.53032
0.73319	1.21050E5	3097.53032
0.73024	1.20890E5	3096.53032
0.72730	1.20730E5	3095.53032
0.72438	1.20571E5	3094.53032
0.72148	1.20413E5	3093.53032
0.71859	1.20255E5	3092.53032
0.71572	1.20098E5	3091.53032
0.71286	1.19942E5	3090.53032
0.71002	1.19787E5	3089.53032
0.70720	1.19632E5	3088.53032
0.70439	1.19478E5	3087.53032
0.70160	1.19324E5	3086.53032
0.69883	1.19171E5	3085.53032
0.69607	1.19019E5	3084.53032
0.69332	1.18868E5	3083.53032
0.69060	1.18717E5	3082.53032
0.68788	1.18567E5	3081.53032
0.68518	1.18418E5	3080.53032
0.68250	1.18269E5	3079.53032
0.67983	1.18121E5	3078.53032
0.67718	1.17973E5	3077.53032
0.67454	1.17826E5	3076.53032
0.67191	1.17680E5	3075.53032
0.66930	1.17534E5	3074.53032
0.66670	1.17389E5	3073.53032
0.66412	1.17245E5	3072.53032
0.66156	1.17101E5	3071.53032
0.65900	1.16958E5	3070.53032
0.65646	1.16815E5	3069.53032
0.65394	1.16673E5	3068.53032
0.65142	1.16531E5	3067.53032
0.64893	1.16391E5	3066.53032
0.64644	1.16250E5	3065.53032
0.64397	1.16111E5	3064.53032
0.64151	1.15971E5	3063.53032
0.63907	1.15833E5	3062.53032
0.63663	1.15695E5	3061.53032
0.63421	1.15557E5	3060.53032
0.63181	1.15420E5	3059.53032
0.62942	1.15284E5	3058.53032
0.62704	1.15148E5	3057.53032
0.62467	1.15013E5	3056.53032
0.62231	1.14878E5	3055.53032
0.61997	1.14744E5	3054.53032
0.61764	1.14610E5	3053.53032
0.61533	1.14477E5	3052.53032
0.61302	1.14345E5	3051.53032
0.61073	1.14212E5	3050.53032
0.60845	1.14081E5	3049.53032
0.60618	1.13950E5	3048.53032
0.60392	1.13819E5	3047.53032
0.60168	1.13689E5	3046.53032
0.59944	1.13560E5	3045.53032
0.59722	1.13431E5	3044.53032
0.59501	1.13302E5	3043.53032
0.59281	1.13174E5	3042.53032
0.59063	1.13046E5	3041.53032
0.58845	1.12919E5	3040.53032
0.58629	1.12793E5	3039.53032
0.58413	1.12666E5	3038.53032
0.58199	1.12541E5	3037.53032
0.57986	1.12416E5	3036.53032
0.57774	1.12291E5	3035.53032
0.57563	1.12167E5	3034.53032
0.57353	1.12043E5	3033.53032
0.57145	1.11919E5	3032.53032
0.56937	1.11797E5	3031.53032
0.56730	1.11674E5	3030.53032
0.56525	1.11552E5	3029.53032
0.56320	1.11431E5	3028.53032
0.56117	1.11309E5	3027.53032
0.55915	1.11189E5	3026.53032
0.55713	1.11069E5	3025.53032
0.55513	1.10949E5	3024.53032
0.55314	1.10829E5	3023.53032
0.55115	1.10710E5	3022.53032
0.54918	1.10592E5	3021.53032
0.54721	1.10474E5	3020.53032
0.54526	1.10356E5	3019.53032
0.54332	1.10239E5	3018.53032
0.54138	1.10122E5	3017.53032
0.53946	1.10006E5	3016.53032
0.53754	1.09889E5	3015.53032
0.53564	1.09774E5	3014.53032
0.53374	1.09659E5	3013.53032
0.53186	1.09544E5	3012.53032
0.52998	1.09429E5	3011.53032
0.52811	1.09315E5	3010.53032
0.52626	1.09202E5	3009.53032
0.52441	1.09088E5	3008.53032
0.52257	1.08975E5	3007.53032
0.52074	1.08863E5	3006.53032
0.51891	1.08751E5	3005.53032
0.51710	1.08639E5	3004.53032
0.51530	1.08528E5	3003.53032
0.51350	1.08417E5	3002.53032
0.51172	1.08306E5	3001.53032
0.50994	1.08196E5	3000.53032
0.50817	1.08086E5	2999.53032
0.50641	1.07976E5	2998.53032
0.50466	1.07867E5	2997.53032
0.50291	1.07758E5	2996.53032
0.50118	1.07650E5	2995.53032
0.49945	1.07542E5	2994.53032
0.49773	1.07434E5	2993.53032
0.49603	1.07327E5	2992.53032
0.49432	1.07220E5	2991.53032
0.49263	1.07113E5	2990.53032
0.49094	1.07007E5	2989.53032
0.48927	1.06901E5	2988.53032
0.48760	1.06795E5	2987.53032
0.48594	1.06690E5	2986.53032
0.48428	1.06585E5	2985.53032
0.48264	1.06480E5	2984.53032
0.48100	1.06376E5	2983.53032
0.47937	1.06271E5	2982.53032
0.47775	1.06168E5	2981.53032
0.47614	1.06064E5	2980.53032
0.47453	1.05961E5	2979.53032
0.47293	1.05859E5	2978.53032
0.47134	1.05756E5	2977.53032
0.46976	1.05654E5	2976.53032
0.46818	1.05552E5	2975.53032
0.46661	1.05451E5	2974.53032
0.46505	1.05350E5	2973.53032
0.46349	1.05249E5	2972.53032
0.46195	1.05148E5	2971.53032
0.46041	1.05048E5	2970.53032
0.45887	1.04948E5	2969.53032
0.45735	1.04848E5	2968.53032
0.45583	1.04749E5	2967.53032
0.45432	1.04650E5	2966.53032
0.45281	1.04551E5	2965.53032
0.45132	1.04452E5	2964.53032
0.44983	1.04354E5	2963.53032
0.44834	1.04256E5	2962.53032
0.44686	1.04159E5	2961.53032
0.44539	1.04061E5	2960.53032
0.44393	1.03964E5	2959.53032
0.44247	1.03868E5	2958.53032
0.44102	1.03771E5	2957.53032
0.43958	1.03675E5	2956.53032
0.43814	1.03579E5	2955.53032
0.43671	1.03483E5	2954.53032
0.43529	1.03388E5	2953.53032
0.43387	1.03293E5	2952.53032
0.43246	1.03198E5	2951.53032
0.43106	1.03103E5	2950.53032
0.42966	1.03009E5	2949.53032
0.42827	1.02915E5	2948.53032
0.42688	1.02821E5	2947.53032
0.42550	1.02727E5	2946.53032
0.42413	1.02634E5	2945.53032
0.42277	1.02541E5	2944.53032
0.42140	1.02448E5	2943.53032
0.42005	1.02356E5	2942.53032
0.41870	1.02263E5	2941.53032
0.41736	1.02171E5	2940.53032
0.41602	1.02080E5	2939.53032
0.41469	1.01988E5	2938.53032
0.41337	1.01897E5	2937.53032
0.41205	1.01806E5	2936.53032
0.41074	1.01715E5	2935.53032
0.40943	1.01625E5	2934.53032
0.40813	1.01534E5	2933.53032
0.40683	1.01444E5	2932.53032
0.40554	1.01354E5	2931.53032
0.40426	1.01265E5	2930.53032
0.40298	1.01175E5	2929.53032
0.40171	1.01086E5	2928.53032
0.40044	1.00997E5	2927.53032
0.39918	1.00909E5	2926.53032
0.39792	1.00820E5	2925.53032
0.39667	1.00732E5	2924.53032
0.39543	1.00644E5	2923.53032
0.39419	1.00556E5	2922.53032
0.39295	1.00469E5	2921.53032
0.39172	1.00382E5	2920.53032
0.39050	1.00295E5	2919.53032
0.38928	1.00208E5	2918.53032
0.38807	1.00121E5	2917.53032
0.38686	1.00035E5	2916.53032
0.38566	99948.42702	2915.53032
0.38446	99862.43882	2914.53032
0.38327	99776.66450	2913.53032
0.38208	99691.10282	2912.53032
0.38090	99605.75254	2911.53032
0.37972	99520.61245	2910.53032
0.37855	99435.68130	2909.53032
0.37738	99350.95791	2908.53032
0.37622	99266.44107	2907.53032
0.37507	99182.12959	2906.53032
0.37391	99098.02227	2905.53032
0.37277	99014.11796	2904.53032
0.37162	98930.41548	2903.53032
0.37049	98846.91368	2902.53032
0.36935	98763.61140	2901.53032
0.36823	98680.50750	2900.53032
0.36710	98597.60086	2899.53032
0.36598	98514.89034	2898.53032
0.36487	98432.37482	2897.53032
0.36376	98350.05321	2896.53032
0.36266	98267.92439	2895.53032
0.36156	98185.98728	2894.53032
0.36046	98104.24079	2893.53032
0.35937	98022.68384	2892.53032
0.35829	97941.31535	2891.53032
0.35721	97860.13428	2890.53032
0.35613	97779.13955	2889.53032
0.35506	97698.33013	2888.53032
0.35399	97617.70498	2887.53032
0.35292	97537.26305	2886.53032
0.35187	97457.00333	2885.53032
0.35081	97376.92479	2884.53032
0.34976	97297.02643	2883.53032
0.34871	97217.30723	2882.53032
0.34767	97137.76621	2881.53032
0.34663	97058.40237	2880.53032
0.34560	96979.21473	2879.53032
0.34457	96900.20231	2878.53032
0.34355	96821.36414	2877.53032
0.34253	96742.69926	2876.53032
0.34151	96664.20671	2875.53032
0.34050	96585.88554	2874.53032
0.33949	96507.73481	2873.53032
0.33849	96429.75358	2872.53032
0.33749	96351.94092	2871.53032
0.33649	96274.29591	2870.53032
0.33550	96196.81763	2869.53032
0.33451	96119.50517	2868.53032
0.33353	96042.35762	2867.53032
0.33255	95965.37409	2866.53032
0.33157	95888.55368	2865.53032
0.33060	95811.89551	2864.53032
0.32963	95735.39869	2863.53032
0.32867	95659.06236	2862.53032
0.32771	95582.88563	2861.53032
0.32675	95506.86766	2860.53032
0.32580	95431.00758	2859.53032
0.32485	95355.30455	2858.53032
0.32390	95279.75772	2857.53032
0.32296	95204.36624	2856.53032
0.32202	95129.12929	2855.53032
0.32109	95054.04604	2854.53032
0.32016	94979.11567	2853.53032
0.31923	94904.33735	2852.53032
0.31831	94829.71028	2851.53032
0.31739	94755.23366	2850.53032
0.31648	94680.90668	2849.53032
0.31557	94606.72854	2848.53032
0.31466	94532.69847	2847.53032
0.31375	94458.81566	2846.53032
0.31285	94385.07936	2845.53032
0.31195	94311.48877	2844.53032
0.31106	94238.04314	2843.53032
0.31017	94164.74169	2842.53032
0.30928	94091.58368	2841.53032
0.30840	94018.56834	2840.53032
0.30752	93945.69494	2839.53032
0.30664	93872.96272	2838.53032
0.30577	93800.37095	2837.53032
0.30490	93727.91889	2836.53032
0.30403	93655.60582	2835.53032
0.30317	93583.43101	2834.53032
0.30231	93511.39375	2833.53032
0.30145	93439.49331	2832.53032
0.30060	93367.72899	2831.53032
0.29975	93296.10009	2830.53032
0.29890	93224.60591	2829.53032
0.29806	93153.24574	2828.53032
0.29722	93082.01890	2827.53032
0.29638	93010.92471	2826.53032
0.29555	92939.96248	2825.53032
0.29471	92869.13152	2824.53032
0.29389	92798.43118	2823.53032
0.29306	92727.86078	2822.53032
0.29224	92657.41966	2821.53032
0.29142	92587.10715	2820.53032
0.29061	92516.92261	2819.53032
0.28980	92446.86537	2818.53032
0.28899	92376.93480	2817.53032
0.28818	92307.13026	2816.53032
0.28738	92237.45109	2815.53032
0.28658	92167.89667	2814.53032
0.28578	92098.46636	2813.53032
0.28499	92029.15955	2812.53032
0.28420	91959.97561	2811.53032
0.28341	91890.91391	2810.53032
0.28263	91821.97385	2809.53032
0.28184	91753.15482	2808.53032
0.28107	91684.45621	2807.53032
0.28029	91615.87741	2806.53032
0.27952	91547.41783	2805.53032
0.27875	91479.07687	2804.53032
0.27798	91410.85395	2803.53032
0.27721	91342.74847	2802.53032
0.27645	91274.75985	2801.53032
0.27569	91206.88751	2800.53032
0.27494	91139.13088	2799.53032
0.27418	91071.48938	2798.53032
0.27343	91003.96245	2797.53032
0.27269	90936.54952	2796.53032
0.27194	90869.25002	2795.53032
0.27120	90802.06341	2794.53032
0.27046	90734.98912	2793.53032
0.26972	90668.02660	2792.53032
0.26899	90601.17531	2791.53032
0.26826	90534.43471	2790.53032
0.26753	90467.80425	2789.53032
0.26680	90401.28339	2788.53032
0.26608	90334.87161	2787.53032
0.26536	90268.56837	2786.53032
0.26464	90202.37314	2785.53032
0.26392	90136.28541	2784.53032
0.26321	90070.30465	2783.53032
0.26250	90004.43034	2782.53032
0.26179	89938.66197	2781.53032
0.26109	89872.99902	2780.53032
0.26038	89807.44100	2779.53032
0.25968	89741.98740	2778.53032
0.25899	89676.63772	2777.53032
0.25829	89611.39145	2776.53032
0.25760	89546.24810	2775.53032
0.25691	89481.20719	2774.53032
0.25622	89416.26821	2773.53032
0.25554	89351.43070	2772.53032
0.25485	89286.69416	2771.53032
0.25417	89222.05811	2770.53032
0.25349	89157.52208	2769.53032
0.25282	89093.08559	2768.53032
0.25215	89028.74818	2767.53032
0.25148	88964.50937	2766.53032
0.25081	88900.36870	2765.53032
0.25014	88836.32570	2764.53032
0.24948	88772.37992	2763.53032
0.24882	88708.53091	2762.53032
0.24816	88644.77820	2761.53032
0.24750	88581.12135	2760.53032
0.24685	88517.55990	2759.53032
0.24619	88454.09342	2758.53032
0.24554	88390.72145	2757.53032
0.24490	88327.44357	2756.53032
0.24425	88264.25932	2755.53032
0.24361	88201.16829	2754.53032
0.24297	88138.17002	2753.53032
0.24233	88075.26411	2752.53032
0.24169	88012.45011	2751.53032
0.24106	87949.72761	2750.53032
0.24043	87887.09618	2749.53032
0.23980	87824.55540	2748.53032
0.23917	87762.10486	2747.53032
0.23855	87699.74414	2746.53032
0.23792	87637.47284	2745.53032
0.23730	87575.29053	2744.53032
0.23668	87513.19682	2743.53032
0.23607	87451.19130	2742.53032
0.23545	87389.27358	2741.53032
0.23484	87327.44324	2740.53032
0.23423	87265.69989	2739.53032
0.23362	87204.04315	2738.53032
0.23301	87142.47261	2737.53032
0.23241	87080.98788	2736.53032
0.23181	87019.58859	2735.53032
0.23121	86958.27434	2734.53032
0.23061	86897.04475	2733.53032
0.23001	86835.89944	2732.53032
0.22942	86774.83803	2731.53032
0.22883	86713.86015	2730.53032
0.22824	86652.96542	2729.53032
0.22765	86592.15348	2728.53032
0.22706	86531.42394	2727.53032
0.22648	86470.77644	2726.53032
0.22590	86410.21063	2725.53032
0.22532	86349.72613	2724.53032
0.22474	86289.32259	2723.53032
0.22416	86228.99964	2722.53032
0.22359	86168.75693	2721.53032
0.22302	86108.59411	2720.53032
0.22245	86048.51083	2719.53032
0.22188	85988.50672	2718.53032
0.22131	85928.58145	2717.53032
0.22075	85868.73467	2716.53032
0.22019	85808.96603	2715.53032
0.21963	85749.27520	2714.53032
0.21907	85689.66183	2713.53032
0.21851	85630.12558	2712.53032
0.21795	85570.66612	2711.53032
0.21740	85511.28312	2710.53032
0.21685	85451.97624	2709.53032
0.21630	85392.74515	2708.53032
0.21575	85333.58952	2707.53032
0.21520	85274.50904	2706.53032
0.21466	85215.50336	2705.53032
0.21412	85156.57217	2704.53032
0.21358	85097.71516	2703.53032
0.21304	85038.93199	2702.53032
0.21250	84980.22236	2701.53032
0.21197	84921.58594	2700.53032
0.21143	84863.02243	2699.53032
0.21090	84804.53152	2698.53032
0.21037	84746.11288	2697.53032
0.20984	84687.76623	2696.53032
0.20931	84629.49124	2695.53032
0.20879	84571.28761	2694.53032
0.20827	84513.15505	2693.53032
0.20774	84455.09325	2692.53032
0.20722	84397.10191	2691.53032
0.20671	84339.18074	2690.53032
0.20619	84281.32944	2689.53032
0.20567	84223.54771	2688.53032
0.20516	84165.83526	2687.53032
0.20465	84108.19180	2686.53032
0.20414	84050.61705	2685.53032
0.20363	83993.11071	2684.53032
0.20312	83935.67250	2683.53032
0.20262	83878.30213	2682.53032
0.20211	83820.99933	2681.53032
0.20161	83763.76381	2680.53032
0.20111	83706.59529	2679.53032
0.20061	83649.49349	2678.53032
0.20012	83592.45814	2677.53032
0.19962	83535.48897	2676.53032
0.19913	83478.58570	2675.53032
0.19863	83421.74805	2674.53032
0.19814	83364.97577	2673.53032
0.19765	83308.26858	2672.53032
0.19717	83251.62620	2671.53032
0.19668	83195.04839	2670.53032
0.19620	83138.53487	2669.53032
0.19571	83082.08539	2668.53032
0.19523	83025.69967	2667.53032
0.19475	82969.37747	2666.53032
0.19427	82913.11852	2665.53032
0.19379	82856.92256	2664.53032
0.19332	82800.78935	2663.53032
0.19284	82744.71863	2662.53032
0.19237	82688.71014	2661.53032
0.19190	82632.76363	2660.53032
0.19143	82576.87886	2659.53032
0.19096	82521.05558	2658.53032
0.19050	82465.29353	2657.53032
0.19003	82409.59249	2656.53032
0.18957	82353.95219	2655.53032
0.18910	82298.37240	2654.53032
0.18864	82242.85288	2653.53032
0.18818	82187.39338	2652.53032
0.18772	82131.99368	2651.53032
0.18727	82076.65352	2650.53032
0.18681	82021.37268	2649.53032
0.18636	81966.15092	2648.53032
0.18591	81910.98801	2647.53032
0.18545	81855.88371	2646.53032
0.18500	81800.83779	2645.53032
0.18456	81745.85003	2644.53032
0.18411	81690.92020	2643.53032
0.18366	81636.04807	2642.53032
0.18322	81581.23341	2641.53032
0.18277	81526.47600	2640.53032
0.18233	81471.77561	2639.53032
0.18189	81417.13203	2638.53032
0.18145	81362.54503	2637.53032
0.18102	81308.01440	2636.53032
0.18058	81253.53991	2635.53032
0.18014	81199.12135	2634.53032
0.17971	81144.75850	2633.53032
0.17928	81090.45114	2632.53032
0.17885	81036.19907	2631.53032
0.17842	80982.00207	2630.53032
0.17799	80927.85993	2629.53032
0.17756	80873.77244	2628.53032
0.17713	80819.73939	2627.53032
0.17671	80765.76057	2626.53032
0.17629	80711.83577	2625.53032
0.17586	80657.96480	2624.53032
0.17544	80604.14744	2623.53032
0.17502	80550.38349	2622.53032
0.17460	80496.67275	2621.53032
0.17419	80443.01502	2620.53032
0.17377	80389.41009	2619.53032
0.17336	80335.85778	2618.53032
0.17294	80282.35787	2617.53032
0.17253	80228.91018	2616.53032
0.17212	80175.51451	2615.53032
0.17171	80122.17066	2614.53032
0.17130	80068.87844	2613.53032
0.17089	80015.63765	2612.53032
0.17049	79962.44811	2611.53032
0.17008	79909.30962	2610.53032
0.16968	79856.22200	2609.53032
0.16928	79803.18506	2608.53032
0.16887	79750.19860	2607.53032
0.16847	79697.26244	2606.53032
0.16807	79644.37640	2605.53032
0.16768	79591.54029	2604.53032
0.16728	79538.75393	2603.53032
0.16688	79486.01713	2602.53032
0.16649	79433.32972	2601.53032
0.16609	79380.69150	2600.53032
0.16570	79328.10231	2599.53032
0.16531	79275.56197	2598.53032
0.16492	79223.07029	2597.53032
0.16453	79170.62710	2596.53032
0.16414	79118.23222	2595.53032
0.16376	79065.88548	2594.53032
0.16337	79013.58671	2593.53032
0.16299	78961.33572	2592.53032
0.16260	78909.13236	2591.53032
0.16222	78856.97644	2590.53032
0.16184	78804.86779	2589.53032
0.16146	78752.80626	2588.53032
0.16108	78700.79166	2587.53032
0.16070	78648.82384	2586.53032
0.16033	78596.90261	2585.53032
0.15995	78545.02783	2584.53032
0.15957	78493.19932	2583.53032
0.15920	78441.41691	2582.53032
0.15883	78389.68045	2581.53032
0.15846	78337.98977	2580.53032
0.15809	78286.34472	2579.53032
0.15772	78234.74512	2578.53032
0.15735	78183.19082	2577.53032
0.15698	78131.68167	2576.53032
0.15661	78080.21749	2575.53032
0.15625	78028.79814	2574.53032
0.15588	77977.42346	2573.53032
0.15552	77926.09329	2572.53032
0.15516	77874.80748	2571.53032
0.15480	77823.56587	2570.53032
0.15444	77772.36831	2569.53032
0.15408	77721.21465	2568.53032
0.15372	77670.10473	2567.53032
0.15336	77619.03840	2566.53032
0.15300	77568.01552	2565.53032
0.15265	77517.03593	2564.53032
0.15229	77466.09949	2563.53032
0.15194	77415.20604	2562.53032
0.15159	77364.35545	2561.53032
0.15124	77313.54756	2560.53032
0.15089	77262.78222	2559.53032
0.15054	77212.05930	2558.53032
0.15019	77161.37865	2557.53032
0.14984	77110.74012	2556.53032
0.14949	77060.14358	2555.53032
0.14915	77009.58887	2554.53032
0.14880	76959.07587	2553.53032
0.14846	76908.60443	2552.53032
0.14811	76858.17440	2551.53032
0.14777	76807.78565	2550.53032
0.14743	76757.43805	2549.53032
0.14709	76707.13145	2548.53032
0.14675	76656.86571	2547.53032
0.14641	76606.64071	2546.53032
0.14608	76556.45630	2545.53032
0.14574	76506.31236	2544.53032
0.14540	76456.20874	2543.53032
0.14507	76406.14531	2542.53032
0.14473	76356.12194	2541.53032
0.14440	76306.13850	2540.53032
0.14407	76256.19486	2539.53032
0.14374	76206.29088	2538.53032
0.14341	76156.42644	2537.53032
0.14308	76106.60141	2536.53032
0.14275	76056.81565	2535.53032
0.14242	76007.06904	2534.53032
0.14209	75957.36145	2533.53032
0.14177	75907.69276	2532.53032
0.14144	75858.06283	2531.53032
0.14112	75808.47155	2530.53032
0.14080	75758.91879	2529.53032
0.14047	75709.40442	2528.53032
0.14015	75659.92833	2527.53032
0.13983	75610.49038	2526.53032
0.13951	75561.09045	2525.53032
0.13919	75511.72843	2524.53032
0.13887	75462.40419	2523.53032
0.13855	75413.11761	2522.53032
0.13824	75363.86857	2521.53032
0.13792	75314.65695	2520.53032
0.13761	75265.48264	2519.53032
0.13729	75216.34551	2518.53032
0.13698	75167.24545	2517.53032
0.13667	75118.18234	2516.53032
0.13635	75069.15606	2515.53032
0.13604	75020.16650	2514.53032
0.13573	74971.21355	2513.53032
0.13542	74922.29708	2512.53032
0.13511	74873.41699	2511.53032
0.13481	74824.57316	2510.53032
0.13450	74775.76548	2509.53032
0.13419	74726.99383	2508.53032
0.13389	74678.25810	2507.53032
0.13358	74629.55819	2506.53032
0.13328	74580.89398	2505.53032
0.13298	74532.26536	2504.53032
0.13267	74483.67222	2503.53032
0.13237	74435.11446	2502.53032
0.13207	74386.59196	2501.53032
0.13177	74338.10462	2500.53032
0.13147	74289.65232	2499.53032
0.13117	74241.23497	2498.53032
0.13087	74192.85245	2497.53032
0.13058	74144.50466	2496.53032
0.13028	74096.19150	2495.53032
0.12999	74047.91286	2494.53032
0.12969	73999.66863	2493.53032
0.12940	73951.45871	2492.53032
0.12910	73903.28300	2491.53032
0.12881	73855.14140	2490.53032
0.12852	73807.03380	2489.53032
0.12823	73758.96010	2488.53032
0.12794	73710.92020	2487.53032
0.12765	73662.91400	2486.53032
0.12736	73614.94140	2485.53032
0.12707	73567.00230	2484.53032
0.12678	73519.09660	2483.53032
0.12649	73471.22420	2482.53032
0.12621	73423.38500	2481.53032
0.12592	73375.57891	2480.53032
0.12564	73327.80583	2479.53032
0.12535	73280.06566	2478.53032
0.12507	73232.35830	2477.53032
0.12479	73184.68366	2476.53032
0.12450	73137.04164	2475.53032
0.12422	73089.43215	2474.53032
0.12394	73041.85510	2473.53032
0.12366	72994.31039	2472.53032
0.12338	72946.79792	2471.53032
0.12310	72899.31760	2470.53032
0.12283	72851.86935	2469.53032
0.12255	72804.45306	2468.53032
0.12227	72757.06865	2467.53032
0.12200	72709.71602	2466.53032
0.12172	72662.39509	2465.53032
0.12144	72615.10576	2464.53032
0.12117	72567.84794	2463.53032
0.12090	72520.62155	2462.53032
0.12062	72473.42649	2461.53032
0.12035	72426.26268	2460.53032
0.12008	72379.13003	2459.53032
0.11981	72332.02844	2458.53032
0.11954	72284.95784	2457.53032
0.11927	72237.91813	2456.53032
0.11900	72190.90923	2455.53032
0.11873	72143.93106	2454.53032
0.11846	72096.98352	2453.53032
0.11820	72050.06653	2452.53032
0.11793	72003.18001	2451.53032
0.11767	71956.32387	2450.53032
0.11740	71909.49802	2449.53032
0.11714	71862.70239	2448.53032
0.11687	71815.93690	2447.53032
0.11661	71769.20144	2446.53032
0.11635	71722.49596	2445.53032
0.11608	71675.82036	2444.53032
0.11582	71629.17455	2443.53032
0.11556	71582.55847	2442.53032
0.11530	71535.97203	2441.53032
0.11504	71489.41514	2440.53032
0.11478	71442.88773	2439.53032
0.11452	71396.38972	2438.53032
0.11426	71349.92103	2437.53032
0.11401	71303.48158	2436.53032
0.11375	71257.07129	2435.53032
0.11349	71210.69008	2434.53032
0.11324	71164.33788	2433.53032
0.11298	71118.01461	2432.53032
0.11273	71071.72018	2431.53032
0.11247	71025.45453	2430.53032
0.11222	70979.21757	2429.53032
0.11197	70933.00923	2428.53032
0.11172	70886.82944	2427.53032
0.11146	70840.67812	2426.53032
0.11121	70794.55519	2425.53032
0.11096	70748.46058	2424.53032
0.11071	70702.39422	2423.53032
0.11046	70656.35602	2422.53032
0.11021	70610.34593	2421.53032
0.10997	70564.36386	2420.53032
0.10972	70518.40974	2419.53032
0.10947	70472.48349	2418.53032
0.10922	70426.58506	2417.53032
0.10898	70380.71436	2416.53032
0.10873	70334.87132	2415.53032
0.10849	70289.05587	2414.53032
0.10824	70243.26794	2413.53032
0.10800	70197.50747	2412.53032
0.10776	70151.77437	2411.53032
0.10751	70106.06858	2410.53032
0.10727	70060.39003	2409.53032
0.10703	70014.73866	2408.53032
0.10679	69969.11438	2407.53032
0.10655	69923.51714	2406.53032
0.10631	69877.94686	2405.53032
0.10607	69832.40348	2404.53032
0.10583	69786.88693	2403.53032
0.10559	69741.39714	2402.53032
0.10535	69695.93404	2401.53032
0.10511	69650.49758	2400.53032
0.10487	69605.08767	2399.53032
0.10464	69559.70426	2398.53032
0.10440	69514.34727	2397.53032
0.10417	69469.01665	2396.53032
0.10393	69423.71233	2395.53032
0.10370	69378.43424	2394.53032
0.10346	69333.18233	2393.53032
0.10323	69287.95651	2392.53032
0.10299	69242.75674	2391.53032
0.10276	69197.58294	2390.53032
0.10253	69152.43505	2389.53032
0.10230	69107.31302	2388.53032
0.10206	69062.21677	2387.53032
0.10183	69017.14624	2386.53032
0.10160	68972.10138	2385.53032
0.10137	68927.08212	2384.53032
0.10114	68882.08839	2383.53032
0.10091	68837.12014	2382.53032
0.10069	68792.17731	2381.53032
0.10046	68747.25983	2380.53032
0.10023	68702.36764	2379.53032
0.10000	68657.50069	2378.53032
0.09978	68612.65891	2377.53032
0.09955	68567.84224	2376.53032
0.09932	68523.05063	2375.53032
0.09910	68478.28401	2374.53032
0.09887	68433.54232	2373.53032
0.09865	68388.82552	2372.53032
0.09843	68344.13353	2371.53032
0.09820	68299.46629	2370.53032
0.09798	68254.82376	2369.53032
0.09776	68210.20588	2368.53032
0.09753	68165.61258	2367.53032
0.09731	68121.04381	2366.53032
0.09709	68076.49951	2365.53032
0.09687	68031.97962	2364.53032
0.09665	67987.48410	2363.53032
0.09643	67943.01287	2362.53032
0.09621	67898.56590	2361.53032
0.09599	67854.14311	2360.53032
0.09577	67809.74446	2359.53032
0.09555	67765.36989	2358.53032
0.09533	67721.01934	2357.53032
0.09512	67676.69276	2356.53032
0.09490	67632.39010	2355.53032
0.09468	67588.11129	2354.53032
0.09447	67543.85630	2353.53032
0.09425	67499.62506	2352.53032
0.09404	67455.41751	2351.53032
0.09382	67411.23362	2350.53032
0.09361	67367.07331	2349.53032
0.09339	67322.93654	2348.53032
0.09318	67278.82327	2347.53032
0.09296	67234.73342	2346.53032
0.09275	67190.66696	2345.53032
0.09254	67146.62383	2344.53032
0.09233	67102.60397	2343.53032
0.09211	67058.60735	2342.53032
0.09190	67014.63389	2341.53032
0.09169	66970.68357	2340.53032
0.09148	66926.75631	2339.53032
0.09127	66882.85208	2338.53032
0.09106	66838.97082	2337.53032
0.09085	66795.11248	2336.53032
0.09064	66751.27701	2335.53032
0.09043	66707.46436	2334.53032
0.09022	66663.67448	2333.53032
0.09002	66619.90733	2332.53032
0.08981	66576.16285	2331.53032
0.08960	66532.44099	2330.53032
0.08939	66488.74170	2329.53032
0.08919	66445.06495	2328.53032
0.08898	66401.41066	2327.53032
0.08877	66357.77881	2326.53032
0.08857	66314.16934	2325.53032
0.08836	66270.58220	2324.53032
0.08816	66227.01735	2323.53032
0.08795	66183.47473	2322.53032
0.08775	66139.95430	2321.53032
0.08755	66096.45602	2320.53032
0.08734	66052.97983	2319.53032
0.08714	66009.52570	2318.53032
0.08694	65966.09356	2317.53032
0.08673	65922.68338	2316.53032
0.08653	65879.29511	2315.53032
0.08633	65835.92870	2314.53032
0.08613	65792.58411	2313.53032
0.08593	65749.26129	2312.53032
0.08573	65705.96020	2311.53032
0.08553	65662.68079	2310.53032
0.08533	65619.42301	2309.53032
0.08513	65576.18682	2308.53032
0.08493	65532.97218	2307.53032
0.08473	65489.77904	2306.53032
0.08453	65446.60736	2305.53032
0.08433	65403.45709	2304.53032
0.08413	65360.32818	2303.53032
0.08394	65317.22060	2302.53032
0.08374	65274.13430	2301.53032
0.08354	65231.06923	2300.53032
0.08334	65188.02535	2299.53032
0.08315	65145.00262	2298.53032
0.08295	65102.00100	2297.53032
0.08276	65059.02044	2296.53032
0.08256	65016.06090	2295.53032
0.08236	64973.12233	2294.53032
0.08217	64930.20470	2293.53032
0.08198	64887.30796	2292.53032
0.08178	64844.43206	2291.53032
0.08159	64801.57697	2290.53032
0.08139	64758.74265	2289.53032
0.08120	64715.92904	2288.53032
0.08101	64673.13611	2287.53032
0.08081	64630.36383	2286.53032
0.08062	64587.61214	2285.53032
0.08043	64544.88100	2284.53032
0.08024	64502.17037	2283.53032
0.08004	64459.48022	2282.53032
0.07985	64416.81050	2281.53032
0.07966	64374.16117	2280.53032
0.07947	64331.53218	2279.53032
0.07928	64288.92351	2278.53032
0.07909	64246.33510	2277.53032
0.07890	64203.76692	2276.53032
0.07871	64161.21893	2275.53032
0.07852	64118.69108	2274.53032
0.07833	64076.18333	2273.53032
0.07814	64033.69566	2272.53032
0.07795	63991.22800	2271.53032
0.07776	63948.78034	2270.53032
0.07758	63906.35262	2269.53032
0.07739	63863.94480	2268.53032
0.07720	63821.55686	2267.53032
0.07701	63779.18874	2266.53032
0.07683	63736.84041	2265.53032
0.07664	63694.51182	2264.53032
0.07645	63652.20295	2263.53032
0.07626	63609.91375	2262.53032
0.07608	63567.64417	2261.53032
0.07589	63525.39420	2260.53032
0.07571	63483.16377	2259.53032
0.07552	63440.95286	2258.53032
0.07534	63398.76142	2257.53032
0.07515	63356.58942	2256.53032
0.07497	63314.43683	2255.53032
0.07478	63272.30359	2254.53032
0.07460	63230.18967	2253.53032
0.07441	63188.09504	2252.53032
0.07423	63146.01965	2251.53032
0.07404	63103.96347	2250.53032
0.07386	63061.92646	2249.53032
0.07368	63019.90858	2248.53032
0.07349	62977.90980	2247.53032
0.07331	62935.93006	2246.53032
0.07313	62893.96935	2245.53032
0.07295	62852.02762	2244.53032
0.07276	62810.10482	2243.53032
0.07258	62768.20093	2242.53032
0.07240	62726.31591	2241.53032
0.07222	62684.44972	2240.53032
0.07204	62642.60231	2239.53032
0.07186	62600.77366	2238.53032
0.07168	62558.96373	2237.53032
0.07149	62517.17247	2236.53032
0.07131	62475.39985	2235.53032
0.07113	62433.64584	2234.53032
0.07095	62391.91039	2233.53032
0.07077	62350.19347	2232.53032
0.07059	62308.49504	2231.53032
0.07041	62266.81507	2230.53032
0.07023	62225.15351	2229.53032
0.07006	62183.51033	2228.53032
0.06988	62141.88549	2227.53032
0.06970	62100.27895	2226.53032
0.06952	62058.69068	2225.53032
0.06934	62017.12064	2224.53032
0.06916	61975.56879	2223.53032
0.06898	61934.03509	2222.53032
0.06880	61892.51951	2221.53032
0.06863	61851.02201	2220.53032
0.06845	61809.54255	2219.53032
0.06827	61768.08110	2218.53032
0.06809	61726.63761	2217.53032
0.06792	61685.21205	2216.53032
0.06774	61643.80438	2215.53032
0.06756	61602.41456	2214.53032
0.06739	61561.04256	2213.53032
0.06721	61519.68834	2212.53032
0.06703	61478.35186	2211.53032
0.06686	61437.03308	2210.53032
0.06668	61395.73196	2209.53032
0.06650	61354.44847	2208.53032
0.06633	61313.18257	2207.53032
0.06615	61271.93422	2206.53032
0.06598	61230.70338	2205.53032
0.06580	61189.49001	2204.53032
0.06562	61148.29408	2203.53032
0.06545	61107.11554	2202.53032
0.06527	61065.95437	2201.53032
0.06510	61024.81051	2200.53032
0.06492	60983.68393	2199.53032
0.06475	60942.57459	2198.53032
0.06457	60901.48246	2197.53032
0.06440	60860.40748	2196.53032
0.06422	60819.34963	2195.53032
0.06405	60778.30887	2194.53032
0.06387	60737.28515	2193.53032
0.06370	60696.27843	2192.53032
0.06353	60655.28868	2191.53032
0.06335	60614.31585	2190.53032
0.06318	60573.35991	2189.53032
0.06300	60532.42081	2188.53032
0.06283	60491.49851	2187.53032
0.06266	60450.59298	2186.53032
0.06248	60409.70417	2185.53032
0.06231	60368.83203	2184.53032
0.06214	60327.97654	2183.53032
0.06196	60287.13764	2182.53032
0.06179	60246.31530	2181.53032
0.06162	60205.50947	2180.53032
0.06144	60164.72011	2179.53032
0.06127	60123.94718	2178.53032
0.06110	60083.19064	2177.53032
0.06092	60042.45043	2176.53032
0.06075	60001.72653	2175.53032
0.06058	59961.01888	2174.53032
0.06040	59920.32744	2173.53032
0.06023	59879.65216	2172.53032
0.06006	59838.99301	2171.53032
0.05988	59798.34994	2170.53032
0.05971	59757.72289	2169.53032
0.05954	59717.11184	2168.53032
0.05937	59676.51672	2167.53032
0.05919	59635.93749	2166.53032
0.05902	59595.37412	2165.53032
0.05885	59554.82654	2164.53032
0.05867	59514.29472	2163.53032
0.05850	59473.77860	2162.53032
0.05833	59433.27813	2161.53032
0.05816	59392.79328	2160.53032
0.05798	59352.32398	2159.53032
0.05781	59311.87019	2158.53032
0.05764	59271.43185	2157.53032
0.05747	59231.00893	2156.53032
0.05729	59190.60136	2155.53032
0.05712	59150.20909	2154.53032
0.05695	59109.83208	2153.53032
0.05677	59069.47027	2152.53032
0.05660	59029.12360	2151.53032
0.05643	58988.79203	2150.53032
0.05626	58948.47549	2149.53032
0.05608	58908.17393	2148.53032
0.05591	58867.88730	2147.53032
0.05574	58827.61554	2146.53032
0.05556	58787.35859	2145.53032
0.05539	58747.11640	2144.53032
0.05522	58706.88891	2143.53032
0.05504	58666.67605	2142.53032
0.05487	58626.47776	2141.53032
0.05470	58586.29400	2140.53032
0.05452	58546.12468	2139.53032
0.05435	58505.96976	2138.53032
0.05417	58465.82916	2137.53032
0.05400	58425.70283	2136.53032
0.05383	58385.59070	2135.53032
0.05365	58345.49270	2134.53032
0.05348	58305.40877	2133.53032
0.05330	58265.33883	2132.53032
0.05313	58225.28282	2131.53032
0.05296	58185.24066	2130.53032
0.05278	58145.21230	2129.53032
0.05261	58105.19765	2128.53032
0.05243	58065.19998	2127.53032
0.05226	58025.21128	2126.53032
0.05208	57985.23477	2125.53032
0.05191	57945.27034	2124.53032
0.05173	57905.31790	2123.53032
0.05155	57865.37736	2122.53032
0.05138	57825.44861	2121.53032
0.05120	57785.53155	2120.53032
0.05103	57745.62609	2119.53032
0.05085	57705.73211	2118.53032
0.05067	57665.84952	2117.53032
0.05050	57625.97820	2116.53032
0.05032	57586.11805	2115.53032
0.05014	57546.26895	2114.53032
0.04996	57506.43080	2113.53032
0.04978	57466.60347	2112.53032
0.04961	57426.78686	2111.53032
0.04943	57386.98084	2110.53032
0.04925	57347.18529	2109.53032
0.04907	57307.40009	2108.53032
0.04889	57267.62512	2107.53032
0.04871	57227.86024	2106.53032
0.04853	57188.10533	2105.53032
0.04835	57148.36025	2104.53032
0.04817	57108.62487	2103.53032
0.04799	57068.89904	2102.53032
0.04781	57029.18264	2101.53032
0.04763	56989.47552	2100.53032
0.04745	56949.77752	2099.53032
0.04727	56910.08851	2098.53032
0.04708	56870.40832	2097.53032
0.04690	56830.73680	2096.53032
0.04672	56791.07380	2095.53032
0.04653	56751.41915	2094.53032
0.04635	56711.77267	2093.53032
0.04616	56672.13422	2092.53032
0.04598	56632.50360	2091.53032
0.04579	56592.88064	2090.53032
0.04561	56553.26516	2089.53032
0.04542	56513.65698	2088.53032
0.04524	56474.05589	2087.53032
0.04505	56434.46171	2086.53032
0.04486	56394.87424	2085.53032
0.04467	56355.29327	2084.53032
0.04448	56315.71859	2083.53032
0.04429	56276.14998	2082.53032
0.04410	56236.58723	2081.53032
0.04391	56197.03010	2080.53032
0.04372	56157.47837	2079.53032
0.04353	56117.93179	2078.53032
0.04334	56078.39011	2077.53032
0.04315	56038.85309	2076.53032
0.04295	55999.32047	2075.53032
0.04276	55959.79197	2074.53032
0.04256	55920.26733	2073.53032
0.04237	55880.74626	2072.53032
0.04217	55841.22847	2071.53032
0.04197	55801.71365	2070.53032
0.04178	55762.20151	2069.53032
0.04158	55722.69173	2068.53032
0.04138	55683.18396	2067.53032
0.04118	55643.67789	2066.53032
0.04098	55604.17316	2065.53032
0.04077	55564.66940	2064.53032
0.04057	55525.16625	2063.53032
0.04037	55485.66332	2062.53032
0.04016	55446.16022	2061.53032
0.03996	55406.65653	2060.53032
0.03975	55367.15183	2059.53032
0.03954	55327.64568	2058.53032
0.03933	55288.13762	2057.53032
0.03912	55248.62719	2056.53032
0.03891	55209.11389	2055.53032
0.03870	55169.59721	2054.53032
0.03849	55130.07663	2053.53032
0.03827	55090.55161	2052.53032
0.03806	55051.02157	2051.53032
0.03784	55011.48593	2050.53032
0.03762	54971.94407	2049.53032
0.03740	54932.39535	2048.53032
0.03718	54892.83911	2047.53032
0.03695	54853.27465	2046.53032
0.03673	54813.70125	2045.53032
0.03650	54774.11816	2044.53032
0.03628	54734.52459	2043.53032
0.03605	54694.91972	2042.53032
0.03581	54655.30269	2041.53032
0.03558	54615.67259	2040.53032
0.03535	54576.02849	2039.53032
0.03511	54536.36940	2038.53032
0.03487	54496.69427	2037.53032
0.03463	54457.00204	2036.53032
0.03439	54417.29154	2035.53032
0.03414	54377.56159	2034.53032
0.03389	54337.81091	2033.53032
0.03364	54298.03817	2032.53032
0.03339	54258.24196	2031.53032
0.03313	54218.42081	2030.53032
0.03288	54178.57314	2029.53032
0.03262	54138.69730	2028.53032
0.03235	54098.79151	2027.53032
0.03209	54058.85392	2026.53032
0.03182	54018.88255	2025.53032
0.03154	53978.87528	2024.53032
0.03127	53938.82988	2023.53032
0.03099	53898.74394	2022.53032
0.03070	53858.61491	2021.53032
0.03041	53818.44006	2020.53032
0.03012	53778.21645	2019.53032
0.02982	53737.94093	2018.53032
0.02952	53697.61013	2017.53032
0.02922	53657.22039	2016.53032
0.02891	53616.76779	2015.53032
0.02859	53576.24806	2014.53032
0.02827	53535.65659	2013.53032
0.02794	53494.98835	2012.53032
0.02760	53454.23789	2011.53032
0.02726	53413.39924	2010.53032
0.02691	53372.46585	2009.53032
0.02656	53331.43053	2008.53032
0.02619	53290.28538	2007.53032
0.02582	53249.02163	2006.53032
0.02544	53207.62958	2005.53032
0.02505	53166.09838	2004.53032
0.02464	53124.41596	2003.53032
0.02423	53082.56869	2002.53032
0.02380	53040.54123	2001.53032
0.02336	52998.31617	2000.53032
0.02290	52955.87363	1999.53032
0.02243	52913.19083	1998.53032
0.02193	52870.24144	1997.53032
0.02142	52826.99483	1996.53032
0.02088	52783.41515	1995.53032
0.02032	52739.46001	1994.53032
0.01973	52695.07894	1993.53032
0.01911	52650.21121	1992.53032
0.01845	52604.78310	1991.53032
0.01775	52558.70416	1990.53032
0.01699	52511.86239	1989.53032
0.01618	52464.11799	1988.53032
0.01529	52415.29570	1987.53032
0.01432	52365.17705	1986.53032
0.01325	52313.49669	1985.53032
0.01205	52259.95662	1984.53032
0.01071	52204.29317	1983.53032
0.00923	52146.46496	1982.53032
